"obs_id","rel_river","opened_at","first_at","last_at"
"10014010","한강","1916-01-01","19830701","20240722"
"10014020","한강","1916-07-01","19800604","20240722"
"10014070","한강","1983-07-01","19830725","19901024"
"10014080","한강","1983-07-01","19830714","20240722"
"10014090","한강","1983-07-01","19830702","20240722"
"10014100","한강","1983-07-01","19830701","20240722"
"10014110","한강","1985-08-30","19851009","20240722"
"10014120","한강","1985-12-01","19860718","20240722"
"10014130","한강","1985-12-01","19860718","20240722"
"10014140","한강","1985-12-01","19860718","20240722"
"10014150","한강","1985-12-01","19860718","20240722"
"10014160","한강","1985-12-01","19860718","20240722"
"10014170","한강","1985-12-01","19860718","20240722"
"10014180","한강","1985-12-01","19860718","20240722"
"10014190","한강","1989-01-01","20150512","20240722"
"10014197","한강","2007-12-10","20150512","20240722"
"10014200","한강","1992-07-01","19930904","20240722"
"10014210","한강","1992-07-01","19930904","20240722"
"10014220","한강","1992-07-01","19940401","20240722"
"10014230","한강","1992-07-01","19940401","20240722"
"10014240","한강","1992-07-01","19940401","20240722"
"10014250","한강","1970-01-00","20080804","20080804"
"10014260","한강","2013-11-30","20131130","20240722"
"10024010","한강","1915-01-14","19840606","20240722"
"10024060","한강","1964-06-14","19810901","20240722"
"10024070","한강","2003-10-01","NULL","NULL"
"10024080","한강","1990-03-12","19900402","20080501"
"10024090","한강","1982-07-14","19820716","20240722"
"10024100","한강","1982-07-01","19820701","20240722"
"10024110","한강","1982-07-14","19820716","20240722"
"10024120","한강","1982-07-01","19820702","20240722"
"10024130","한강","1982-07-14","19820724","20240722"
"10024140","한강","1982-07-14","19820716","20240722"
"10024150","한강","1982-07-14","19820716","20240722"
"10024160","한강","1982-07-01","19820702","20240722"
"10024170","한강","1985-12-01","19860718","20240722"
"10024180","한강","1985-12-01","19860718","20240722"
"10024190","한강","1985-12-01","19860718","20240722"
"10024200","한강","1985-12-01","19860718","20240722"
"10024210","한강","1985-12-01","19860718","20240722"
"10024220","한강","1985-12-01","19860718","20240722"
"10024230","한강","1985-12-01","19860718","20240722"
"10024240","한강","1992-07-01","19930904","20240722"
"10024250","한강","1992-07-01","19930904","20240722"
"10024260","한강","1992-07-01","19930904","20240722"
"10034050","한강","1962-07-01","19760802","20240722"
"10034060","한강","1984-03-05","19870601","20240722"
"10034070","한강","1984-03-05","19901105","20240722"
"10034080","한강","1985-12-01","19860718","20240722"
"10034090","한강","1985-12-01","19860718","20240722"
"10034100","한강","1985-12-01","19860718","20240722"
"10034110","한강","1985-12-01","19860718","20240722"
"10034120","한강","1985-12-01","19860718","20240722"
"10034130","한강","1985-12-01","19860718","20240722"
"10034140","한강","2018-07-12","20180712","20240722"
"10034150","한강","1992-07-01","19930904","20240722"
"10034160","한강","1992-07-01","19930904","20240722"
"10034170","한강","1992-07-01","19930904","20240722"
"10034180","한강","1992-07-01","19930904","20240722"
"10044010","한강","1960-08-01","19750716","20240722"
"10044020","한강","1962-07-01","19760607","20240722"
"10044030","한강","1962-07-01","19760607","20240722"
"10044040","낙동강","1962-11-01","NULL","NULL"
"10044060","한강","1973-01-01","19750705","20240722"
"10044080","한강","1984-01-01","19840712","20240722"
"10044090","한강","1984-03-05","19850504","20240722"
"10044100","한강","1985-12-01","19860718","20240722"
"10044110","한강","1989-07-01","19890701","20240722"
"10044120","한강","1991-07-01","19930430","20240722"
"10044130","한강","1985-12-01","19930824","20240722"
"10044140","한강","1991-07-01","19930401","20240722"
"10044150","한강","1996-12-01","19961201","20240722"
"10044160","한강","1996-12-01","19961201","20240722"
"10044170","한강","1998-03-01","19980301","20240722"
"10044180","한강","1998-03-01","19980301","20240722"
"10044182","한강","1986-01-06","20140612","20150713"
"10044270","한강","2003-10-01","20090206","20240722"
"10044280","한강","1990-03-12","20090206","20240722"
"10044282","한강","1962-07-00","20090206","20240722"
"10044284","한강","1990-03-12","20090206","20240722"
"10044285","한강","2020-06-04","20200622","20240722"
"10044286","한강","2020-06-04","20200622","20240722"
"10054010","한강","1962-07-01","19750710","20240722"
"10054020","한강","1962-07-01","19760607","20240722"
"10054030","한강","1989-07-01","19890701","20240722"
"10064010","한강","1990-03-12","NULL","NULL"
"10064020","한강","1916-07-01","19750710","20240722"
"10064030","한강","1962-07-01","19800601","20240722"
"10064040","한강","1962-07-01","19750710","20240722"
"10064050","한강","1966-09-01","19750710","20240722"
"10064060","한강","1980-06-01","19840703","20240722"
"10064070","한강","1996-12-01","19961201","20240722"
"10064080","한강","1998-03-01","19980328","20240722"
"10064090","한강","1998-03-01","19980401","20240722"
"10064100","한강","1999-06-22","20011004","20240722"
"10064110","한강","1999-06-22","20011004","20240722"
"10064120","한강","1999-12-20","20011004","20240722"
"10074010","한강","1914-01-01","19750710","20240722"
"10074020","한강","2001-09-06","NULL","NULL"
"10074030","한강","1962-07-01","19750710","20240722"
"10074040","한강","1964-07-01","19800602","20240722"
"10074050","한강","1965-11-01","19750710","20240722"
"10074060","한강","1974-07-01","19750710","20240722"
"10074070","한강","1988-12-01","19890315","20240722"
"10074080","한강","1989-07-01","19890701","20240722"
"10074090","한강","1989-07-01","19890701","20240722"
"10074100","한강","1996-12-01","19961201","20240722"
"10074110","한강","1998-03-01","19980401","20240722"
"10074120","한강","1998-03-01","19980401","20240722"
"10074170","한강","1990-03-12","20090206","20141014"
"10074175","한강","1961-08-01","20090206","20141014"
"10094010","한강","1999-05-08","19990713","20240722"
"10094020","한강","2022-01-01","NULL","NULL"
"10104010","한강","1916-01-01","19760608","20240722"
"10104020","한강","1962-07-01","19760602","20240722"
"10104030","한강","1962-07-01","19760601","20240722"
"10104040","한강","1962-09-01","19800625","20240722"
"10104048","한강","1986-01-06","20140612","20150713"
"10104050","한강","1974-07-01","19750710","20240722"
"10104060","한강","1998-01-01","20021017","20240722"
"10104070","한강","1998-04-01","20021017","20240722"
"10104080","한강","1998-07-01","20021017","20240722"
"10104082","한강","1986-01-06","20140612","20150713"
"10104170","한강","1962-04-01","20090205","20240722"
"10104171","한강","2006-09-15","20090205","20240722"
"10104172","한강","1991-07-01","20090205","20240722"
"10104173","한강","1991-07-01","20090205","20240722"
"10104174","한강","2020-06-04","20200622","20240722"
"10114020","한강","1991-07-01","19910725","20051213"
"10114030","한강","1972-08-11","19750710","20240722"
"10114040","한강","1972-08-11","19750710","20240722"
"10114050","한강","1983-07-01","19830702","20240722"
"10114060","한강","1983-08-01","19830823","20070514"
"10114070","한강","1987-05-04","19870601","20240722"
"10114080","한강","1987-05-04","19870601","20240722"
"10124020","한강","1962-07-01","19760612","20240722"
"10124050","한강","1972-08-11","19750710","20240722"
"10124060","한강","1972-08-11","19750710","20240722"
"10124080","한강","1972-08-11","19750710","20240722"
"10124090","한강","1972-08-11","19750710","20240722"
"10124110","한강","1983-07-01","19830702","20240722"
"10124120","한강","1983-07-01","19830902","20240722"
"10124130","한강","1987-05-04","19870601","20240722"
"10124140","한강","1987-05-04","19870601","20240722"
"10124150","한강","1992-08-01","19930904","20240722"
"10124160","한강","1992-08-01","19930904","20240722"
"10124170","한강","1998-01-01","19980401","20240722"
"10124175","한강","1991-07-01","20090205","20240722"
"10124180","한강","2015-08-04","20150804","20240722"
"10134010","한강","1913-01-01","19750710","20240722"
"10134020","한강","1982-08-01","19820813","20240722"
"10134030","한강","1989-07-01","19890701","20240722"
"10134032","한강","1986-01-06","20140612","20150713"
"10134045","한강","2013-11-30","20131130","20240722"
"10134140","한강","2006-09-15","20090206","20141014"
"10144010","한강","1916-01-01","19750710","20240722"
"10144020","한강","1960-08-01","19790722","20240722"
"10144030","한강","--","NULL","NULL"
"10144040","한강","1963-05-01","19750710","20240722"
"10144050","한강","1966-09-01","19750710","20240722"
"10144060","한강","1996-12-01","19961201","20240722"
"10144070","한강","1996-12-01","19961201","20240722"
"10144080","한강","1996-12-01","19961201","20240722"
"10144090","한강","1998-03-01","19980301","20240722"
"10144100","한강","1998-03-01","19990227","20240722"
"10144165","한강","1986-01-06","20090205","20240722"
"10144170","한강","2008-09-25","20090205","20141014"
"10144172","한강","2008-09-25","20100929","20240722"
"10144180","한강","2009-10-28","20100919","20240722"
"10154010","한강","1960-07-01","19800711","20240722"
"10154020","한강","1974-07-01","19750710","20240722"
"10154030","한강","1996-12-01","19961201","20240722"
"10154032","한강","1986-01-06","20140612","20150713"
"10154035","한강","2007-12-27","20130924","20240722"
"10164010","한강","1916-01-01","19800601","20240722"
"10164020","한강","1962-07-01","19800606","20240722"
"10164030","한강","1967-01-01","19800926","20240722"
"10164040","한강","1967-01-01","19790729","20240722"
"10164050","한강","1967-01-01","19790603","20240722"
"10164060","한강","1967-01-01","19820601","20240722"
"10164070","한강","1974-07-04","19750710","20240722"
"10164075","한강","2014-06-01","20140601","20240722"
"10164080","한강","1989-07-01","19890701","20240722"
"10174020","한강","1962-07-01","19870601","20240722"
"10184010","한강","1916-01-01","19750710","20240722"
"10184020","한강","1962-05-01","19800601","20240722"
"10184030","한강","2009-10-08","NULL","NULL"
"10184040","한강","1962-07-01","19750710","20240722"
"10184050","한강","1917-01-01","19750710","19950830"
"10184060","한강","1966-09-01","19800602","20240722"
"10184070","한강","2003-10-01","NULL","NULL"
"10184080","한강","1984-04-01","19840703","20240722"
"10184090","한강","1984-04-01","19840703","20240722"
"10184100","한강","1984-04-01","19840703","20240722"
"10184110","한강","1984-04-01","19840703","20240722"
"10184120","한강","1984-04-01","19840703","20240722"
"10184125","한강","2002-10-16","20021017","20240722"
"10184130","한강","2002-02-01","20021017","20240722"
"10184140","한강","2002-03-01","20021017","20240722"
"10184150","한강","2002-10-01","20021017","20240722"
"10184160","한강","2002-10-01","20021017","20240722"
"10184170","한강","2002-10-01","20021017","20240722"
"10184180","한강","2002-10-01","20021017","20240722"
"10184190","한강","2002-10-01","20021017","20240722"
"10184200","한강","2002-10-01","20021017","20240722"
"10184210","한강","2002-10-01","20021017","20240722"
"10184220","한강","2002-10-01","20021017","20240722"
"10184230","한강","2002-10-16","20021017","20240722"
"10184232","한강","1986-01-06","20140612","20150713"
"10194010","한강","1962-07-01","19800601","20240722"
"10194020","한강","2011-12-01","20150804","20240722"
"10194030","한강","2011-12-01","20150804","20240722"
"10204010","한강","2001-10-06","20011006","20240722"
"10204020","한강","2001-10-06","20011006","20240722"
"10214010","한강","2000-07-01","20000701","20240722"
"10214020","한강","2011-07-01","20150804","20240722"
"10214030","한강","2011-07-01","20150804","20240722"
"10224010","한강","2000-07-01","20000701","20240722"
"10224020","한강","2000-07-01","20000701","20240722"
"10224030","한강","2000-07-01","20000701","20240722"
"10224040","한강","2001-10-06","20011006","20240722"
"10224050","한강","2001-10-06","20011006","20240722"
"10224060","한강","2001-10-06","20011006","20240722"
"10224070","한강","2001-10-06","20011006","20240722"
"10224080","한강","2001-10-06","20011006","20240722"
"10224090","한강","2001-10-06","20011006","20240722"
"10224100","한강","2001-10-06","20011006","20240722"
"10234010","한강","2000-07-01","20000701","20240722"
"10234020","한강","2001-10-06","20011006","20240722"
"10234030","한강","2001-10-06","20011006","20240722"
"10234040","한강","2001-10-06","20011006","20240722"
"11014010","안성천","1919-07-01","19800601","20240722"
"11014020","안성천","1927-01-01","19800604","20240722"
"11014030","안성천","1962-07-01","19810604","20240722"
"11014040","안성천","1968-07-01","19810608","20240722"
"11014050","안성천","1968-07-01","19800604","20240722"
"11014060","안성천","1996-09-01","19960902","20240722"
"11014070","안성천","1996-09-01","19960902","20240722"
"11014080","안성천","1996-09-01","19960902","20240722"
"11014090","안성천","1996-09-01","19960902","20240722"
"11014100","안성천","1996-09-01","19960902","20240722"
"11014110","안성천","1996-09-01","19960902","20240722"
"11014120","안성천","1996-09-01","19960902","20240722"
"11014130","안성천","1996-09-01","19960902","20240722"
"11014140","한강","2000-07-01","20000701","20240722"
"12014010","한강서해","2011-12-01","20150804","20240722"
"12024010","한강서해","1978-01-01","19790823","20240722"
"12024020","한강서해","1978-01-01","19790713","20240722"
"13014010","한강동해","1983-07-01","19830701","20240722"
"13014020","한강","1983-08-01","19830808","20240722"
"13024010","한강동해","1983-07-01","19830701","20240722"
"13024030","한강동해","--","NULL","NULL"
"13034010","한강동해","1983-07-01","19830701","20240722"
"20014005","낙동강","1916-08-02","19830620","19870907"
"20014010","낙동강","1962-11-01","19800625","20240722"
"20014020","낙동강","1968-01-01","19800710","20240722"
"20014030","낙동강","1968-03-01","19800601","20240722"
"20014040","낙동강","1968-01-01","19800616","20240722"
"20014050","낙동강","1968-01-01","19800625","20240722"
"20014060","낙동강","1968-01-01","19800630","20240722"
"20014070","낙동강","1968-01-01","19820821","20240722"
"20014080","낙동강","1968-01-01","19830620","20240722"
"20014090","낙동강","1968-01-01","19800711","20240722"
"20014100","낙동강","1968-01-01","NULL","NULL"
"20014110","낙동강","1978-07-16","19840703","20240722"
"20014120","낙동강","1978-07-16","19840703","20240722"
"20014130","낙동강","1978-07-16","19870601","20240722"
"20014140","낙동강","2009-09-17","20090917","20240722"
"20014150","낙동강","1978-07-16","19840703","19950828"
"20014160","낙동강","1983-07-01","19830808","20240722"
"20014170","낙동강","1995-05-28","19950528","20240722"
"20014180","낙동강","1995-05-28","19950528","20240722"
"20014190","낙동강","1995-05-28","19950528","20240722"
"20014200","낙동강","1995-05-28","19950528","20240722"
"20014210","낙동강","1995-05-28","19950528","20240722"
"20014230","낙동강","2002-01-01","20020319","20240722"
"20024020","낙동강","1916-11-01","19800617","20240722"
"20024030","낙동강","1961-08-01","19800625","20240722"
"20024050","낙동강","1964-08-01","19800616","20240722"
"20024060","낙동강","1969-07-01","19830620","20240722"
"20024070","낙동강","1969-07-01","19820723","19931201"
"20024080","낙동강","1987-09-30","19870930","20240722"
"20024090","낙동강","1987-09-30","19870930","20240722"
"20024100","낙동강","1987-09-30","19870930","20240722"
"20024110","낙동강","1987-09-30","19870930","20240722"
"20024120","낙동강","1992-06-30","19920630","20240722"
"20024130","낙동강","1998-03-01","19980301","20240722"
"20024140","낙동강","2000-01-01","20020319","20240722"
"20024150","낙동강","2000-01-01","20020319","20240722"
"20024160","낙동강","2000-01-01","20020319","20240722"
"20024170","낙동강","2014-01-01","20150618","20240722"
"20024180","낙동강","2014-01-01","20150618","20240722"
"20024190","낙동강","2014-01-01","20150618","20240722"
"20034010","낙동강","1962-11-01","19830620","20240722"
"20034020","낙동강","1962-08-01","19800625","20240722"
"20034030","낙동강","1988-01-01","19880101","20240722"
"20034040","낙동강","1988-01-01","19880101","20240722"
"20044010","낙동강","1988-01-01","19880101","20240722"
"20044020","낙동강","1961-09-01","19800616","20240722"
"20044030","낙동강","1962-11-01","19800624","20240722"
"20044040","낙동강","1967-06-01","NULL","NULL"
"20044050","낙동강","1984-05-01","19840704","20240722"
"20044060","낙동강","1988-01-01","NULL","NULL"
"20044070","낙동강","1988-01-01","19880101","20240722"
"20044080","낙동강","1996-10-15","19961015","20240722"
"20044090","낙동강","1998-03-01","19980301","20240722"
"20044100","낙동강","1998-03-01","19980301","20240722"
"20044110","낙동강","1998-03-01","19980301","20240722"
"20044120","낙동강","2015-07-01","20190116","20240722"
"20044130","낙동강","2014-12-01","20190116","20240722"
"20044140","낙동강","2014-12-01","20190116","20240722"
"20054010","낙동강","1961-11-01","19800616","20240722"
"20054020","낙동강","1988-01-01","19880101","20240722"
"20054030","낙동강","1969-07-01","19830823","20240722"
"20054040","낙동강","1969-07-01","19800625","20240722"
"20054050","낙동강","1973-01-01","NULL","NULL"
"20054060","낙동강","1984-01-01","19840712","20240722"
"20054070","낙동강","1984-04-01","19900401","20240722"
"20054080","낙동강","1988-01-01","19880101","20240722"
"20064010","낙동강","1915-12-01","19800616","20240722"
"20064020","낙동강","1969-07-01","19830620","20240722"
"20074010","낙동강","1996-10-15","19961015","20240722"
"20084010","낙동강","1981-01-01","19870601","20240722"
"20084020","낙동강","1957-06-01","19800625","20240722"
"20084030","낙동강","1961-09-01","19800625","20240722"
"20084050","낙동강","1982-07-03","19820723","20240722"
"20084060","낙동강","1982-07-03","19820723","20240722"
"20084070","낙동강","1982-07-03","19820723","20240722"
"20084080","낙동강","1990-03-12","20050124","20061231"
"20084090","낙동강","1982-07-03","19820728","20240722"
"20084100","낙동강","1982-07-03","19820723","20240722"
"20084110","낙동강","1982-07-03","19820722","20240722"
"20084120","낙동강","1982-07-03","19820723","20110418"
"20084130","낙동강","1982-07-03","19820723","20240722"
"20084140","낙동강","1998-03-01","19980301","20240722"
"20084150","낙동강","2005-01-24","20050124","20240722"
"20084160","낙동강","2005-01-24","20050124","20240722"
"20084170","낙동강","2010-01-02","20100928","20240722"
"20084180","낙동강","1982-07-30","20100928","20240722"
"20094010","낙동강","1995-04-01","19950401","20240722"
"20094020","낙동강","1996-10-15","19961015","20240722"
"20104010","낙동강","1915-12-01","19800710","20240722"
"20104020","낙동강","1961-08-01","19830707","20240722"
"20104030","낙동강","1962-09-01","19800625","20240722"
"20104040","낙동강","1988-01-01","19880101","20240722"
"20104050","낙동강","1980-01-01","19870601","20240722"
"20104060","낙동강","2013-05-31","20130905","20240722"
"20114010","낙동강","1927-06-01","19830620","20240722"
"20114020","낙동강","1962-11-01","19830620","20240722"
"20114030","낙동강","1995-04-01","19950401","20240722"
"20114040","낙동강","1996-10-15","19961015","20240722"
"20124010","낙동강","1962-01-01","19870601","20240722"
"20124020","낙동강","1961-08-01","19830620","20240722"
"20124030","낙동강","1962-11-01","19800624","20240722"
"20124035","낙동강","1996-11-01","20150714","20240722"
"20124037","낙동강","1996-11-01","20150714","20240722"
"20124040","낙동강","1964-09-01","19800625","20240722"
"20124050","회야ㆍ수영","1971-01-01","NULL","NULL"
"20124060","낙동강","1917-01-01","19820723","19931201"
"20124070","낙동강","1982-07-03","19820723","20240722"
"20124080","낙동강","1988-01-01","19880101","20240722"
"20124090","낙동강","1988-01-01","19880101","20240722"
"20124100","낙동강","1988-01-01","19880601","20240722"
"20124118","낙동강","1995-09-01","20150702","20240722"
"20124120","낙동강","1995-10-01","19951001","20240722"
"20124130","낙동강","1996-10-15","19961015","20240722"
"20124150","낙동강","2000-07-08","20000727","20240722"
"20124160","낙동강","2002-01-01","20020319","20240722"
"20124170","낙동강","2002-01-01","20020319","20240722"
"20124190","낙동강","2004-08-02","20150714","20240722"
"20124200","낙동강","2014-07-01","20150618","20240722"
"20124210","낙동강","2014-07-01","20150618","20240722"
"20134010","낙동강","1962-06-01","19800625","20240722"
"20134020","낙동강","1962-11-01","19800713","20240722"
"20134030","낙동강","1988-01-01","19880101","20240722"
"20134040","낙동강","1998-03-01","19980301","20240722"
"20144010","낙동강","1993-01-01","19930101","20240722"
"20144020","낙동강","1995-04-01","19950401","20240722"
"20144030","낙동강","1996-10-15","19961015","20240722"
"20154010","낙동강","1926-11-01","19830620","20240722"
"20154020","낙동강","1984-04-03","19840823","20240722"
"20154030","낙동강","1987-10-01","19871001","20240722"
"20154040","낙동강","1987-10-01","19871001","20240722"
"20154050","낙동강","1987-10-01","19871001","20240722"
"20154060","낙동강","1987-10-01","19871001","20240722"
"20154070","낙동강","1992-07-15","19920715","20240722"
"20154080","낙동강","1992-07-15","19920715","20240722"
"20164020","낙동강","1987-10-01","19871001","20240722"
"20164030","낙동강","1996-08-01","19960801","20240722"
"20174010","낙동강","1962-06-01","19800728","20240722"
"20174020","낙동강","1962-11-01","19810628","20240722"
"20174030","낙동강","1988-01-01","19880101","20240722"
"20174040","낙동강","1996-10-15","19961015","20240722"
"20184020","낙동강","1915-12-01","19800625","19931201"
"20184040","낙동강","1936-11-01","NULL","NULL"
"20184060","낙동강","1965-03-01","19800625","20240722"
"20184070","낙동강","1961-08-01","19800625","20240722"
"20184100","낙동강","1965-10-01","19800601","20240722"
"20184110","낙동강","1965-10-01","19800625","20240722"
"20184120","낙동강","1965-10-01","19800625","20030115"
"20184130","낙동강","1976-03-13","19870601","20240722"
"20184140","낙동강","1976-03-13","19870601","20240722"
"20184150","낙동강","1985-03-01","19850901","20240722"
"20184160","낙동강","1985-03-01","19850621","20240722"
"20184170","낙동강","1987-04-01","19870601","20240722"
"20184180","낙동강","1987-06-01","19870601","20240722"
"20184190","낙동강","1987-06-01","19950101","20240722"
"20184200","낙동강","1994-11-01","19950101","20240722"
"20184210","낙동강","1994-11-01","19950101","20240722"
"20184220","낙동강","1994-11-01","19950101","20240722"
"20184230","낙동강","1994-11-01","19950101","20240722"
"20184240","낙동강","1994-11-01","19950101","20240722"
"20184250","낙동강","1994-11-01","19950101","20240722"
"20184260","낙동강","1994-11-01","19950101","20240722"
"20184270","낙동강","1994-11-01","19950101","20240722"
"20184280","낙동강","1994-11-01","19950101","20240722"
"20184290","낙동강","1994-11-01","19950101","20240722"
"20184300","낙동강","1994-11-01","19950101","20240722"
"20184310","낙동강","1994-11-01","19950101","20240722"
"20184320","낙동강","1994-11-01","19950101","20240722"
"20184350","낙동강","2009-10-05","20150714","20240722"
"20184360","낙동강","2011-11-30","20150714","20240722"
"20194020","낙동강","1987-06-01","19870601","20240722"
"20194030","낙동강","1988-01-01","19880101","20240722"
"20194040","낙동강","1988-01-01","19880101","20240722"
"20194050","낙동강","1995-10-01","19951001","20240722"
"20194060","낙동강","1995-10-01","19951001","20240722"
"20194070","낙동강","1998-03-01","19980301","20240722"
"20194075","낙동강","2009-01-01","20090101","20240722"
"20204010","낙동강","1962-11-01","19800625","20240722"
"20204020","낙동강","1988-01-01","19880101","20240722"
"20204030","낙동강","1995-10-01","19960101","20240722"
"20204040","낙동강","1996-10-15","19961015","20240722"
"20204050","낙동강","2000-01-01","20000727","20240722"
"20214010","낙동강","1962-04-01","NULL","NULL"
"20214020","낙동강","1988-01-01","19880101","20240722"
"20214030","낙동강","1962-11-01","19800625","20240722"
"20214040","낙동강","1988-01-01","19880101","20240722"
"20214050","낙동강","1988-01-01","19880101","20240722"
"20214060","낙동강","1996-09-10","20031125","20240722"
"20214090","낙동강","1988-03-01","19980101","20240722"
"20214100","낙동강","2000-06-01","20020319","20240722"
"20214110","낙동강","2000-06-01","20020319","20240722"
"20214120","낙동강","1996-09-10","20031125","20240722"
"20214130","낙동강","1996-09-11","20031125","20240722"
"20214135","낙동강","2004-01-01","20150714","20240722"
"20214140","낙동강","2010-12-21","20150714","20240722"
"20224010","낙동강","1962-11-01","19800625","20240722"
"20224020","낙동강","1965-11-01","NULL","NULL"
"20224030","낙동강","1988-01-01","19880101","20240722"
"20224040","낙동강","1996-06-01","19960601","20240722"
"20224050","낙동강","1996-10-15","19961015","20240722"
"20224060","낙동강","2006-01-25","20060125","20240722"
"21014010","형산강","1962-11-01","19830612","20240722"
"21014020","형산강","1962-01-01","19810610","20240722"
"21014040","형산강","1998-06-01","19980601","20240722"
"21014050","형산강","1998-06-01","19980601","20240722"
"21014060","형산강","1998-06-01","19980601","20240722"
"21014070","형산강","1998-06-01","19980601","20240722"
"21014080","형산강","1998-06-01","19980601","20240722"
"21014090","형산강","1998-06-01","19980601","20240722"
"21014100","형산강","1998-06-01","19980601","20240722"
"21014110","형산강","1998-06-01","19980601","20240722"
"21014120","형산강","1998-06-01","19980601","20240722"
"21014130","형산강","1998-06-01","19980601","20240722"
"21014140","형산강","1998-06-01","19980601","20240722"
"22014010","태화강","1962-04-01","19820603","20240722"
"22014020","태화강","1962-04-01","19760601","20240722"
"22014030","태화강","1962-09-01","19780603","20240722"
"22014040","태화강","1990-01-01","19910403","20081216"
"22014050","태화강","1962-09-01","19800601","20240722"
"22014054","태화강","1965-12-31","20150714","20240722"
"22014060","태화강","1969-12-31","20150714","20240722"
"22014080","태화강","2000-01-01","20000302","20240722"
"22014082","한강","2000-01-01","20150714","20240722"
"22014084","한강","2000-01-01","20150714","20240722"
"22014090","태화강","1962-07-01","20081216","20240722"
"23014010","회야ㆍ수영","1962-09-01","20061107","20240722"
"23014011","회야ㆍ수영","2022-07-01","NULL","NULL"
"24014010","낙동강동해","1962-06-01","20080119","20240722"
"24034020","낙동강동해","2023-03-05","20230419","20240722"
"25044010","낙동강남해","1974-07-01","19890401","20240722"
"30014010","금강","1916-01-01","19800616","20240722"
"30014020","금강","1960-06-01","19800823","20240722"
"30014030","금강","1962-01-00","19800601","19931201"
"30014040","금강","1962-07-01","19800617","20240722"
"30014080","금강","1973-01-01","19800616","20240722"
"30014090","금강","--","NULL","NULL"
"30014100","금강","1900-01-01","19840703","20060720"
"30014120","금강","1983-04-01","19830714","20240722"
"30014130","금강","1900-01-01","19930111","20100405"
"30014140","금강","1999-06-15","20031226","20240722"
"30014150","금강","1999-06-15","20031226","20240722"
"30014160","금강","1999-06-15","19990615","20240722"
"30014170","금강","1999-06-15","20031226","20240722"
"30014180","금강","1999-06-15","20031226","20240722"
"30014190","금강","1999-06-15","20031226","20240722"
"30014210","금강","2000-01-01","20031226","20240722"
"30034010","금강","1916-01-01","19800616","20240722"
"30034020","금강","1973-01-01","19800825","20240722"
"30034030","금강","1979-09-15","19840703","20240722"
"30034040","금강","1983-04-01","19830716","20240722"
"30034050","금강","1992-07-09","19930111","20240722"
"30034060","금강","1999-05-25","20010116","20240722"
"30044010","금강","1960-06-00","NULL","NULL"
"30044020","금강","1962-04-00","NULL","NULL"
"30044030","금강","1979-09-15","19840703","20240722"
"30044040","금강","1979-09-15","19840703","20240722"
"30054010","금강","1962-07-01","19800616","20240722"
"30054020","금강","1973-01-01","19810619","20240722"
"30054030","금강","1979-09-15","19840703","20240722"
"30054040","금강","1982-08-01","19820811","20240722"
"30054050","금강","1982-08-01","19820811","20240722"
"30054060","금강","1984-03-05","19850628","20240722"
"30054070","금강","1999-05-25","20010116","20240722"
"30054080","금강","1999-05-25","20010116","20240722"
"30064010","금강","1969-08-16","NULL","NULL"
"30064020","금강","1979-09-15","19840703","20240722"
"30074010","금강","1960-05-01","19800624","20240722"
"30074030","금강","1973-01-01","19820725","20240722"
"30074040","금강","--","NULL","NULL"
"30074050","금강","1982-08-01","19820820","20240722"
"30074060","금강","1979-09-15","19840703","20240722"
"30074070","금강","1982-05-01","19820725","20240722"
"30074080","금강","1982-08-01","19820812","20240722"
"30074090","금강","1982-08-01","19820813","20240722"
"30074100","금강","1982-08-01","19820811","20240722"
"30074110","금강","1982-08-01","19830620","20240722"
"30074130","금강","1982-08-01","19830620","20240722"
"30074140","금강","1992-07-09","19930111","20240722"
"30074150","금강","1992-07-09","19930111","20240722"
"30074160","금강서해","2001-09-01","20040703","20240722"
"30084010","금강","1931-04-00","19810705","19931201"
"30084030","금강","1965-11-01","19800614","20240722"
"30084040","금강","1979-09-15","19840703","20240722"
"30084050","금강","1992-07-09","19930111","20240722"
"30084060","금강","1992-07-09","19930111","20240722"
"30084070","금강","1993-06-01","19930601","20240722"
"30084080","금강","1999-05-25","20010116","20240722"
"30084090","금강","1999-05-25","20010116","20240722"
"30094010","금강","1993-06-01","19930601","20240722"
"30094020","금강","1993-06-01","19930601","20240722"
"30094030","금강","2001-05-01","20010507","20240722"
"30094040","금강","2001-05-01","20010507","20240722"
"30094050","금강","2001-05-01","20010507","20240722"
"30104010","금강","1960-05-01","19800813","20240722"
"30114010","금강","1960-06-01","19800725","20240722"
"30114020","금강","1993-06-01","19930601","20240722"
"30114030","금강","1966-09-01","19800616","20240722"
"30114040","금강","1971-07-01","19790606","20240722"
"30114050","금강","1973-01-01","19800617","20240722"
"30114060","금강","1973-01-01","19800616","20240722"
"30114070","금강","1993-06-01","19930601","20240722"
"30114090","금강","2006-01-01","20060101","20240722"
"30114100","금강","2006-01-01","20060101","20240722"
"30114110","금강","2015-01-01","NULL","NULL"
"30114120","금강","2015-01-01","NULL","NULL"
"30124010","금강","1913-07-01","19800630","20240722"
"30124020","금강","1916-11-01","19800616","20240722"
"30124030","금강","1928-07-01","NULL","NULL"
"30124040","금강","1929-09-01","19810619","20240722"
"30124050","금강","1960-06-01","19820630","20240722"
"30124060","금강","1960-06-01","19810609","20240722"
"30124070","금강","1960-06-01","19800825","20240722"
"30124080","금강","1973-01-01","19810711","20240722"
"30124090","금강","1993-06-01","19930601","20240722"
"30124100","금강","1993-06-01","19930601","20240722"
"30124110","금강","2006-01-01","20060101","20240722"
"30124120","금강","2015-01-01","NULL","NULL"
"30134010","금강","1960-07-01","19810619","20240722"
"30134020","금강","1973-06-01","19800601","20240722"
"30134030","금강","--","NULL","NULL"
"30134040","금강","1993-06-01","19930601","20240722"
"30134050","금강","2006-01-01","20060101","20240722"
"30144010","금강","1911-06-01","19820725","20240722"
"30144020","금강","1962-06-01","19820725","20240722"
"30144030","금강","1993-06-01","19930601","20240722"
"30144040","금강","1993-06-01","19930601","20240722"
"30144050","금강","1993-06-01","19930601","20240722"
"31014010","삽교천","1918-07-01","19690715","20240722"
"31014020","삽교천","1933-09-01","19790603","20240722"
"31014030","삽교천","1957-03-01","19820711","20240722"
"31014040","삽교천","1979-01-01","NULL","NULL"
"31014050","삽교천","1962-07-01","NULL","NULL"
"31014060","삽교천","2002-01-01","NULL","NULL"
"31014070","삽교천","1993-01-01","NULL","NULL"
"31014090","삽교천","1999-01-01","19990101","20240722"
"31014100","삽교천","1999-01-01","19990101","20240722"
"31014110","삽교천","1999-01-01","19990101","20240722"
"31014120","삽교천","1999-01-01","19990101","20240722"
"31014130","삽교천","1999-01-01","19990101","20240722"
"31014140","삽교천","2004-12-01","20041202","20240722"
"31014150","삽교천","2005-01-01","20050101","20240722"
"31014160","삽교천","1900-01-01","20010514","20091231"
"31014170","삽교천","2002-12-20","20021220","20240722"
"31014180","삽교천","--","NULL","NULL"
"31014190","삽교천","--","NULL","NULL"
"31014192","삽교천","2010-01-01","20100101","20240722"
"31014195","삽교천","2018-11-01","NULL","NULL"
"31014198","삽교천","2019-08-01","NULL","NULL"
"32034010","금강서해","1968-07-01","19810619","20240722"
"32034020","금강서해","1973-01-01","19760607","20240722"
"32034050","금강서해","1998-03-26","20040703","20240722"
"32034060","금강서해","1998-03-26","20040703","20240722"
"32034070","금강서해","2005-10-27","NULL","NULL"
"33014010","만경ㆍ동진","1916-01-01","19800812","20240722"
"33014020","만경ㆍ동진","1962-07-01","19800608","20240722"
"33014030","만경ㆍ동진","1988-03-01","NULL","NULL"
"33014040","만경ㆍ동진","1988-03-01","NULL","NULL"
"33014050","만경ㆍ동진","1988-03-01","NULL","NULL"
"33014060","만경ㆍ동진","1916-06-01","20100923","20100923"
"33014070","만경ㆍ동진","1997-01-01","19990801","20240722"
"33014080","만경ㆍ동진","1999-12-01","20000101","20240722"
"33014090","만경ㆍ동진","1999-12-01","20000101","20240722"
"33014100","만경ㆍ동진","2000-01-01","20000101","20240722"
"33014110","만경ㆍ동진","2000-01-01","20000101","20240722"
"33014120","만경ㆍ동진","1999-12-01","20000101","20240722"
"33024020","만경ㆍ동진","1962-07-01","19800601","20240722"
"33024030","만경ㆍ동진","1962-08-01","19790603","20240722"
"33024040","만경ㆍ동진","1962-11-01","19730626","20240722"
"33024050","만경ㆍ동진","1968-01-01","19740604","20240722"
"33024070","만경ㆍ동진","2000-06-01","20000601","20240722"
"33024080","만경ㆍ동진","2000-06-01","20000601","20240722"
"33034030","만경ㆍ동진","1996-05-01","20060503","20240722"
"33034040","만경ㆍ동진","2014-10-19","20150714","20240722"
"40014030","섬진강","1992-04-01","NULL","NULL"
"40014050","섬진강","1990-12-15","19901215","20240722"
"40014060","섬진강","1990-12-15","19901215","20240722"
"40014070","섬진강","1990-12-15","19901215","20240722"
"40024010","섬진강","1900-01-01","19800625","19940901"
"40024020","섬진강","1990-12-15","19901215","20240722"
"40024030","섬진강","1962-06-01","20040917","20240722"
"40024040","섬진강","2004-09-18","20040918","20190503"
"40024050","섬진강","1970-10-01","20040917","20240722"
"40024060","섬진강","2018-12-26","20181226","20240722"
"40034010","섬진강","1990-03-12","19900621","20240722"
"40034020","섬진강","1970-01-01","19970313","20240722"
"40034030","섬진강","2003-10-01","20031101","20240722"
"40044010","섬진강","1990-03-12","19900703","20240722"
"40044020","섬진강","1900-01-01","19900711","20050623"
"40044030","섬진강","2003-10-01","20031001","20240722"
"40044040","섬진강","1990-03-12","20000101","20240722"
"40044060","섬진강","1962-07-01","20040917","20240722"
"40044070","섬진강","2016-01-01","20160101","20240722"
"40054020","섬진강","1990-03-12","19900621","20240722"
"40054030","섬진강","1990-03-12","19900621","20240722"
"40054040","섬진강","2001-09-06","20010906","20240722"
"40064010","섬진강","1990-03-12","19900621","20240722"
"40074020","섬진강","1900-01-01","19810619","19941101"
"40074030","만경ㆍ동진","1900-01-01","19800624","19941107"
"40074040","섬진강","2006-09-15","20060915","20240722"
"40074050","섬진강","1991-07-01","19910701","20240722"
"40074060","섬진강","1991-07-01","19910701","20240722"
"40074070","섬진강","1991-07-01","19910701","20240722"
"40074080","섬진강","1991-07-01","19910701","20240722"
"40074082","섬진강","2006-09-15","20070119","20240722"
"40074090","섬진강","2007-01-01","20070507","20150716"
"40074092","섬진강","1986-01-06","20231114","20240722"
"40074126","섬진강","1992-04-01","20090205","20100930"
"40074127","섬진강","1997-01-01","NULL","NULL"
"40074140","섬진강","2009-10-28","20091105","20240722"
"40074143","만경ㆍ동진","2019-05-03","20190503","20240722"
"40074145","섬진강","2019-12-20","NULL","NULL"
"40074146","섬진강","2020-06-04","NULL","NULL"
"40074147","섬진강","2020-06-04","NULL","NULL"
"40084010","섬진강","1996-03-01","19970313","20240722"
"40084020","섬진강","2003-10-01","20031101","20240722"
"40094010","섬진강","1915-07-01","19800625","20030101"
"40094030","섬진강","1982-04-01","19830714","20061231"
"40094040","섬진강","1984-04-28","19840828","19941201"
"40094050","섬진강","1984-04-28","19840905","20240722"
"40094060","섬진강","1990-03-12","19900621","20240722"
"40094070","섬진강","1990-03-12","19900621","20240722"
"40094080","섬진강","1990-03-12","19900627","20240722"
"40094090","섬진강","1990-03-12","19900621","20240722"
"40094100","섬진강","1990-03-12","19900621","20240722"
"40094110","섬진강","1917-03-01","20040421","20240722"
"40094120","섬진강","2005-01-21","20050121","20240722"
"40094140","섬진강","2007-01-01","20070101","20240722"
"40094150","섬진강","2007-01-01","20070101","20240722"
"40094160","섬진강","2007-01-01","20070101","20240722"
"40094170","섬진강","2004-09-18","20040918","20240722"
"41044020","섬진강남해","1991-07-01","19910701","20240722"
"41044030","섬진강남해","1999-05-21","20000101","20240722"
"41044040","섬진강남해","1914-06-01","20070101","20240722"
"41054030","섬진강남해","2005-01-01","20060508","20240722"
"41054050","섬진강남해","2009-09-17","20091013","20240722"
"50014010","영산강","2000-03-15","NULL","NULL"
"50014020","영산강","1992-04-01","19920401","20240722"
"50014030","영산강","1992-04-01","19920401","20240722"
"50014040","영산강","1992-04-01","19920401","20240722"
"50014050","영산강","1992-04-01","19920401","20240722"
"50014060","영산강","2003-08-26","20030826","20240722"
"50014070","영산강","2012-06-22","20161021","20240722"
"50024010","영산강","2000-03-15","NULL","NULL"
"50024020","영산강","1962-07-01","19800625","20240722"
"50024030","영산강","1992-04-01","19920401","20240722"
"50024040","영산강","2016-01-01","20160101","20240722"
"50024050","영산강","2008-02-01","20080201","20240722"
"50024051","영산강","2015-09-01","20181213","20240722"
"50034030","영산강","1992-04-01","19920401","20240722"
"50034040","영산강","1962-07-01","19800623","20240722"
"50034050","영산강","2002-01-01","20020618","20240722"
"50034060","영산강","2002-01-01","20020618","20240722"
"50034070","영산강","2002-01-01","20021224","20240722"
"50034080","영산강","2012-07-02","20150722","20240722"
"50044010","영산강","2000-06-01","NULL","NULL"
"50044020","영산강","2000-06-01","NULL","NULL"
"50044030","영산강","1992-04-01","19920401","20240722"
"50044040","영산강","1992-04-01","19920401","20240722"
"50054010","영산강","1961-08-01","19910701","20240722"
"50054020","영산강","2004-12-10","20041210","20240722"
"50064020","영산강","1992-04-01","19920401","20240722"
"50074010","영산강","1992-04-01","19920401","20240722"
"50074020","영산강","2017-12-26","20171226","20240722"
"50084010","영산강","1992-04-01","19920401","20240722"
"51014020","탐진강","1997-01-01","20000522","20240722"
"51014030","탐진강","1997-01-01","20000522","20240722"
"51014040","탐진강","2007-08-15","20070815","20240722"
"51014050","탐진강","2000-03-15","20000522","20240722"
"51014060","탐진강","2000-03-15","20001230","20240722"
"51014070","탐진강","2000-06-01","20100923","20100923"
"51014080","탐진강","2000-06-01","20000601","20240722"
"51014090","탐진강","2000-06-01","20000601","20240722"
"51014100","탐진강","2000-06-01","20000601","20240722"
"51014150","탐진강","2008-01-02","20100923","20100923"
"53024010","영산강서해","1992-04-01","NULL","NULL"
"99999999","영산강","2008-02-01","20080201","20191030"
