"obs_id","obs_name","lat","lon","gov_agency","attn_level","warn_level","danger_level","river","rel_river","opened_at","first_at","last_at"
"1001602","평창군(송정교)","37-37-27","128-33-04","환경부","3.1","4.1","5.0","오대천","한강","2015-12-30","2015123010:00:00","2024072216:00:00"
"1001620","정선군(송계교)","37-29-39","128-50-57","환경부","1.5","2.7","3.1","임계천","한강","1962-07-01","1972081902:00:00","2024072216:00:00"
"1001622","정선군(혈천교)","37-27-53","128-50-49","환경부","3.0","4.4","5.5","골지천","한강","2010-11-11","2010122112:00:00","2024072216:00:00"
"1001625","정선군(송천교)","37-29-08","128-43-07","환경부","3.4","3.6","4.7","송천","한강","2007-07-18","2007051416:00:00","2024072216:00:00"
"1001626","정선군(제1여량교)","37-28-24","128-43-45","환경부","4.0","5.2","6.5","골지천","한강","2015-12-30","2015123010:00:00","2024072216:00:00"
"1001629","정선군(남평대교)","37-26-20","128-39-11","환경부","4.5","5.5","6.5","골지천","한강","2015-12-30","2015123010:00:00","2024072216:00:00"
"1001630","정선군(나전교)","37-26-19","128-38-59","환경부","3.0","4.0","5.0","오대천","한강","2007-07-18","2007051416:00:00","2024072216:00:00"
"1001645","정선군(와평교)","37-21-58","128-41-03","환경부","3.5","4.0","4.5","어천","한강","2014-12-29","2014122912:00:00","2024072216:00:00"
"1001649","정선군(애산교)","37-22-24","128-40-15","환경부","3.0","4.2","5.1","어천","한강","2007-12-09","2008020411:00:00","2024072216:00:00"
"1001655","정선군(정선제1교)","37-22-42","128-39-26","환경부","3.5","4.5","6.0","한강","한강","1918-01-01","1970070515:00:00","2024072216:00:00"
"1001658","정선군(광하교)","37-22-11","128-37-08","환경부","5.5","6.7","8.8","한강","한강","2013-12-31","2013122711:00:00","2024072216:00:00"
"1001660","정선군(낙동교)","37-19-08","128-41-37","환경부","2.0","3.0","3.5","지장천","한강","2009-10-27","2009102700:00:00","2024072216:00:00"
"1001670","영월군(거운교)","37-14-05","128-30-44","환경부","3.5","8.0","10.3","한강","한강","1962-12-01","1972081908:00:00","2024072216:00:00"
"1001690","영월군(영월대교)","37-10-55","128-28-31","환경부","4.6","6.0","8.0","한강","한강","1917-06-01","1917090418:00:00","2024072216:00:00"
"1002605","평창군(이목정교)","37-37-17","128-28-19","환경부","2.5","3.5","4.0","속사천","한강","1982-04-01","1983060108:00:00","2024072216:00:00"
"1002610","평창군(장평교)","37-35-11","128-24-46","환경부","1.0","1.7","2.3","속사천","한강","1982-04-01","1983060201:00:00","2024072216:00:00"
"1002615","평창군(진전교)","37-35-10","128-23-29","환경부","1.5","2.5","3.5","흥정천","한강","1982-04-01","1983061006:00:00","2024072216:00:00"
"1002625","평창군(선애교)","37-28-28","128-24-36","환경부","3.0","3.9","5.2","평창강","한강","1982-04-01","1983060801:00:00","2024072216:00:00"
"1002635","평창군(사초교)","37-27-19","128-26-23","환경부","2.5","4.0","4.5","대화천","한강","1982-04-01","1983060708:00:00","2024072216:00:00"
"1002640","평창군(상방림교)","37-25-53","128-25-02","환경부","3.0","4.6","6.0","평창강","한강","1982-04-01","1983060807:00:00","2024072216:00:00"
"1002650","평창군(평창교)","37-22-04","128-24-22","환경부","2.5","4.6","6.2","","한강","1958-01-01","1958090509:00:00","2024072216:00:00"
"1002675","횡성군(안흥교)","37-24-44","128-09-18","환경부","2.0","3.8","4.7","주천강","한강","2006-10-23","2006120219:00:00","2024072216:00:00"
"1002680","영월군(두학교)","37-17-47","128-11-33","환경부","2.0","3.5","4.6","주천강","한강","2013-12-31","2013122711:00:00","2024072216:00:00"
"1002685","영월군(주천교)","37-16-03","128-15-57","환경부","4.0","5.0","6.0","주천강","한강","1962-07-01","1965071008:00:00","2024072216:00:00"
"1002687","영월군(신천교)","37-13-47","128-19-54","환경부","4.0","5.5","6.5","주천강","한강","2007-07-18","2007051416:00:00","2024072216:00:00"
"1002698","영월군(팔괴교)","37-10-19","128-27-19","환경부","3.0","7.5","9.8","평창강","한강","2007-07-18","2007033013:00:00","2024072216:00:00"
"1003605","영월군(충혼교)","37-08-32","128-40-51","환경부","3.0","4.0","5.0","옥동천","한강","2016-11-07","2016110901:00:00","2024072216:00:00"
"1003620","영월군(옥동교)","37-07-20","128-33-51","환경부","3.8","4.0","4.6","옥동천","한강","2000-03-01","2002072208:00:00","2024072216:00:00"
"1003636","단양군(가대교)","37-02-25","128-24-20","환경부","5.0","9.4","12.2","","한강","2016-11-07","2016110901:00:00","2024072216:00:00"
"1003642","단양군(덕천교)","37-00-20","128-23-21","환경부","9.0","10.1","13.1","한강","한강","2010-11-11","2010122112:00:00","2024072216:00:00"
"1003645","단양군(단양1교)","36-55-52","128-20-08","환경부","2.5","4.0","5.0","죽령천","한강","2016-11-07","2009102700:00:00","2024072216:00:00"
"1003657","제천시(강저3교)","37-07-22","128-12-14","환경부","2.5","3.1","3.6","장평천","한강","2022-04-01","2022040101:00:00","2024072216:00:00"
"1003658","제천시(부수동교)","37-08-55","128-00-32","환경부","2.5","4.0","4.5","원서천","한강","2016-11-07","2016110901:00:00","2024072216:00:00"
"1003660","제천시(팔송교)","37-08-50","128-07-11","환경부","3.0","3.3","4.0","제천천","한강","2014-12-29","2014122912:00:00","2024072216:00:00"
"1003661","제천시(구곡교)","37-06-44","128-06-22","환경부","3.5","4.5","5.5","제천천","한강","2015-12-30","2015123010:00:00","2024072216:00:00"
"1004620","청주시(옥화1교)","36-36-55","127-42-06","환경부","2.0","3.8","4.6","달천","한강","2014-12-29","2014122912:00:00","2024072216:00:00"
"1004645","괴산군(수전교)","36-46-02","127-50-33","환경부","2.0","4.2","5.4","달천","한강","1998-01-01","1999060101:00:00","2024072216:00:00"
"1004646","괴산군(비도교)","36-47-24","127-52-41","환경부","2.0","3.0","3.5","쌍천","한강","2011-12-14","2011121417:00:00","2024072216:00:00"
"1004661","괴산군(제2괴산교)","36-48-33","127-47-55","환경부","3.8","4.2","5.2","동진천","한강","2022-04-01","2022040101:00:00","2024072216:00:00"
"1004670","괴산군(추산교)","36-53-37","127-48-51","환경부","3.5","4.5","5.9","음성천","한강","2013-12-31","2013122711:00:00","2024072216:00:00"
"1004680","충주시(문강교)","36-53-16","127-56-46","환경부","2.0","3.3","3.9","석문동천","한강","2014-12-29","2014122912:00:00","2024072216:00:00"
"1004693","괴산군(목도교)","36-52-12","127-51-19","환경부","2.0","5.2","6.1","달천","한강","2011-12-14","2011121416:00:00","2024072216:00:00"
"1004695","충주시(국원대교)","36-57-58","127-52-18","환경부","4.0","5.0","6.0","요도천","한강","2013-12-31","2013122711:00:00","2024072216:00:00"
"1005605","충주시(탄금교)","36-59-19","127-53-24","환경부","3.0","4.5","5.8","달천","한강","2006-10-23","2006120100:00:00","2024072216:00:00"
"1005640","충주시(목계교)","37-04-34","127-52-52","환경부","3.0","5.6","7.3","한강","한강","1917-01-01","1917070403:00:00","2024072216:00:00"
"1005695","원주시(법천교)","37-12-16","127-45-15","환경부","3.5","5.3","6.8","법천천","한강","2006-10-23","2006120100:00:00","2024072216:00:00"
"1005697","원주시(남한강대교)","37-12-22","127-44-52","환경부","4.0","7.1","9.3","한강","한강","2010-11-11","2010122112:00:00","2024072216:00:00"
"1006630","횡성군(오산교)","37-31-15","127-59-29","환경부","3.5","3.9","4.7","금계천","한강","2014-12-29","2014122912:00:00","2024072216:00:00"
"1006650","횡성군(횡성교)","37-29-42","127-58-50","환경부","1.5","3.7","5.0","섬강","한강","1962-07-01","1972081823:00:00","2024072216:00:00"
"1006660","횡성군(전천교)","37-28-56","127-58-53","환경부","2.0","3.4","4.2","전천","한강","2006-10-23","2006120219:00:00","2024072216:00:00"
"1006665","원주시(원주교)","37-20-52","127-57-20","환경부","1.0","2.5","3.4","","한강","1962-07-01","1976081315:00:00","2024072216:00:00"
"1006666","원주시(가현교)","37-23-41","127-56-08","환경부","6.6","8.6","9.6","","한강","2024-01-16","2024011611:00:00","2024072216:00:00"
"1006670","원주시(옥산교)","37-25-43","127-55-18","환경부","2.5","5.6","7.4","섬강","한강","2012-10-15","2012092118:00:00","2024072216:00:00"
"1006672","원주시(장현교)","37-25-13","127-53-53","환경부","5.0","5.6","7.1","섬강","한강","2007-07-18","2007051416:00:00","2024072216:00:00"
"1006680","원주시(지정대교)","37-21-42","127-49-54","환경부","4.5","5.1","6.4","섬강","한강","1962-07-01","1964041910:00:00","2024072216:00:00"
"1006690","원주시(문막교)","37-18-18","127-48-37","환경부","3.5","4.6","5.8","섬강","한강","1980-06-01","1983072004:00:00","2024072216:00:00"
"1007604","안성시(한평교)","37-06-23","127-26-01","환경부","5.0","6.0","7.0","청미천","한강","2016-11-07","2016110901:00:00","2024072216:00:00"
"1007605","이천시(장호원교)","37-06-49","127-38-05","환경부","2.0","3.7","4.7","청미천","한강","2006-10-23","2006120100:00:00","2024072216:00:00"
"1007610","음성군(총천교)","37-04-15","127-36-16","환경부","2.0","3.2","3.9","응천","한강","2007-12-08","2008012317:00:00","2024072216:00:00"
"1007615","여주시(원부교)","37-09-44","127-38-04","환경부","4.0","5.5","6.5","청미천","한강","1985-01-01","1984070301:00:00","2024072216:00:00"
"1007617","여주시(삼합교)","37-12-08","127-43-09","환경부","3.5","5.7","7.4","청미천","한강","2007-12-07","2008012317:00:00","2024072216:00:00"
"1007620","여주시(강천리)","37-13-52","127-42-50","환경부","5.0","8.8","11.8","한강","한강","1996-09-01","1994121413:00:00","2024072216:00:00"
"1007625","여주시(남한강교)","37-15-16","127-40-52","환경부","6.0","7.0","8.7","한강","한강","2001-04-19","2000101700:00:00","2024072216:00:00"
"1007633","강천보(상류)","37-16-23","127-41-00","환경부","38.5","42.3","43.7","한강","한강","2011-12-01","2011120100:00:00","2024072216:00:00"
"1007635","여주시(여주대교)","37-17-47","127-38-52","환경부","3.3","6.0","8.0","한강","한강","1913-03-01","1917070413:00:00","2024072216:00:00"
"1007639","여주보(상류)","37-19-34","127-36-56","환경부","33.5","37.0","38.4","한강","한강","2012-02-22","2012022211:00:00","2024072216:00:00"
"1007640","여주시(율극교)","37-20-02","127-34-24","환경부","3.5","4.5","5.5","양화천","한강","2006-10-23","2006120100:00:00","2024072216:00:00"
"1007642","이천시(동산교)","37-12-60","127-24-58","환경부","2.5","3.3","4.2","복하천","한강","2022-04-01","2022040101:00:00","2024072216:00:00"
"1007645","이천시(복하교)","37-16-01","127-27-39","환경부","2.5","2.8","3.3","복하천","한강","1988-04-01","1989092001:00:00","2024072216:00:00"
"1007650","여주시(흥천대교)","37-19-59","127-32-07","환경부","2.0","4.2","4.9","복하천","한강","2001-04-20","2000101700:00:00","2024072216:00:00"
"1007655","여주시(양촌교)","37-22-57","127-33-46","환경부","3.5","4.9","5.8","곡수천","한강","2006-10-23","2006120100:00:00","2024072216:00:00"
"1007660","여주시(이포대교)","37-24-04","127-32-15","환경부","3.5","6.5","8.5","한강","한강","2001-05-29","2000101700:00:00","2017071910:00:00"
"1007662","이포보(상류)","37-24-04","127-32-16","환경부","28.5","33.1","34.7","한강","한강","2012-04-04","2013100114:00:00","2024072216:00:00"
"1007680","양평군(흑천교)","37-27-58","127-31-39","환경부","2.0","2.5","3.0","흑천","한강","1988-04-01","1989031501:00:00","2024072216:00:00"
"1007685","양평군(양평교)","37-29-11","127-29-24","환경부","8.5","10.3","12.0","한강","한강","1953-11-01","1959070614:00:00","2024072216:00:00"
"1007690","양평군(봉상교)","37-30-42","127-39-05","환경부","2.0","3.4","3.8","흑천","한강","2013-12-31","2013122711:00:00","2024072216:00:00"
"1007697","양평군(신원리)","37-31-30","127-22-17","환경부","3.3","3.8","4.8","한강","한강","2016-11-07","2016110901:00:00","2024072216:00:00"
"1010633","양구군(송청제2교)","38-05-19","127-59-49","환경부","3.0","4.1","5.0","양구서천","한강","2022-04-01","2022040101:00:00","2024072216:00:00"
"1010674","화천군(신읍교)","38-07-10","127-41-50","환경부","3.6","4.6","5.5","화천천","한강","2024-01-16","2024011611:00:00","2024072216:00:00"
"1010695","춘천시(춘천댐하류)","37-57-34","127-40-33","환경부","5.5","5.9","7.7","북한강","한강","1962-07-01","1963071307:00:00","2024072216:00:00"
"1011620","인제군(반월촌교)","38-15-52","128-12-13","환경부","4.0","4.3","5.1","인북천","한강","2014-12-29","2014122912:00:00","2024072216:00:00"
"1011695","인제군(리빙스턴교)","38-05-18","128-11-00","환경부","4.5","6.5","7.5","인북천","한강","2016-11-07","2016110901:00:00","2024072216:00:00"
"1012630","인제군(왕성동교)","37-52-19","128-19-22","환경부","4.0","5.5","6.5","내린천","한강","2007-07-18","2007051416:00:00","2024072216:00:00"
"1012635","인제군(양지교)","37-52-36","128-17-18","환경부","2.5","3.1","3.8","방내천","한강","2016-11-07","2016110901:00:00","2024072216:00:00"
"1012640","인제군(현리교)","37-56-53","128-19-02","환경부","2.5","4.2","5.4","방태천","한강","2012-10-15","2012092118:00:00","2024072216:00:00"
"1012645","인제군(하죽천교)","37-58-37","128-18-29","환경부","3.5","6.0","7.6","소양강","한강","2016-11-07","2016110901:00:00","2024072216:00:00"
"1012685","춘천시(천전리)","37-55-49","127-47-23","환경부","2.5","4.2","5.4","소양강","한강","1962-07-01","1999022711:00:00","2024072216:00:00"
"1013637","춘천시(소양2교)","37-53-35","127-43-21","환경부","71.5","72.3","73.1","북한강","한강","1914-10-01","1925071014:00:00","2024072216:00:00"
"1013645","춘천시(강촌교)","37-49-03","127-38-01","환경부","2.0","7.4","9.8","북한강","한강","1992-09-01","1992060101:00:00","2024072216:00:00"
"1013650","가평군(제령교)","37-53-43","127-31-49","환경부","3.3","5.3","6.2","가평천","한강","2024-01-16","2024011611:00:00","2024072216:00:00"
"1013655","가평군(가평교)","37-49-53","127-31-05","환경부","1.8","3.0","4.0","가평천","한강","1915-01-01","1923072912:00:00","2024072216:00:00"
"1014620","홍천군(용선교)","37-48-48","128-03-55","환경부","2.5","3.5","4.0","내촌천","한강","2009-10-27","2009102700:00:00","2024072216:00:00"
"1014630","홍천군(주음치교)","37-47-04","127-59-00","환경부","3.0","3.7","4.8","홍천강","한강","1989-01-01","1989031401:00:00","2024072216:00:00"
"1014640","홍천군(굴운교)","37-44-19","127-56-29","환경부","3.5","4.8","6.3","홍천강","한강","2007-07-18","2007051416:00:00","2024072216:00:00"
"1014645","홍천군(귀미뜰교)","37-41-47","127-56-33","환경부","2.8","3.8","4.6","덕치천","한강","2024-01-16","2024011611:00:00","2024072216:00:00"
"1014650","홍천군(홍천교)","37-41-14","127-52-44","환경부","2.0","5.3","6.4","","한강","1962-07-01","1965072107:00:00","2024072216:00:00"
"1014665","홍천군(남노일대교)","37-40-31","127-46-14","환경부","5.5","7.0","8.7","홍천강","한강","2015-12-29","2015123010:00:00","2024072216:00:00"
"1014680","홍천군(반곡교)","37-41-37","127-40-14","환경부","3.0","5.1","6.4","홍천강","한강","1982-05-05","1982060101:00:00","2024072216:00:00"
"1015620","가평군(대보교)","37-47-46","127-22-15","환경부","3.2","4.8","5.6","조종천","한강","2023-01-27","2023012716:00:00","2024072216:00:00"
"1015644","가평군(청평교)","37-44-03","127-24-52","환경부","2.0","5.5","7.0","조종천","한강","2006-10-23","2006120100:00:00","2024072216:00:00"
"1015645","가평군(신청평대교)","37-43-05","127-24-37","환경부","5.0","10.7","13.7","북한강","한강","1914-01-01","1917090312:00:00","2024072216:00:00"
"1015655","가평군(오류동교)","37-41-35","127-21-56","환경부","3.4","4.4","5.7","구운천","한강","2024-01-16","2024011611:00:00","2024072216:00:00"
"1015680","남양주시(삼봉리)","37-35-43","127-20-21","환경부","1.6","4.6","5.9","북한강","한강","2013-01-03","2013010312:00:00","2024072216:00:00"
"1016607","용인시(월촌교)","37-19-57","127-14-22","환경부","1.5","4.2","5.0","한강","한강","2012-10-15","2012092118:00:00","2024072216:00:00"
"1016650","광주시(경안교)","37-24-24","127-15-47","환경부","1.5","4.0","5.0","경안천","한강","1985-01-01","1984090814:00:00","2024072216:00:00"
"1016660","광주시(섬뜰교)","37-23-57","127-17-34","환경부","2.5","4.4","5.2","곤지암천","한강","2000-03-01","2002062508:00:00","2024072216:00:00"
"1016670","광주시(서하교)","37-25-44","127-18-30","환경부","3.5","4.0","4.8","경안천","한강","2013-12-31","2013122711:00:00","2024072216:00:00"
"1016695","광주시(광동교)","37-28-16","127-17-39","환경부","26.0","27.0","27.7","경안천","한강","2006-10-23","2006120219:00:00","2024072216:00:00"
"1018610","남양주시(팔당대교)","37-32-52","127-14-22","환경부","7.0","9.5","12.7","한강","한강","1995-08-01","1994121413:00:00","2024072216:00:00"
"1018620","남양주시(부평교)","37-44-25","127-11-48","환경부","1.5","3.0","4.0","왕숙천","한강","2002-10-16","2002101700:00:00","2024072216:00:00"
"1018623","남양주시(연평대교)","37-42-36","127-10-56","환경부","1.8","2.8","3.5","진건천","한강","2002-10-16","2002101700:00:00","2024072216:00:00"
"1018625","남양주시(내곡교)","37-41-30","127-09-53","환경부","2.5","3.5","4.0","왕숙천","한강","2002-10-16","2002101700:00:00","2024072216:00:00"
"1018630","남양주시(진관교)","37-39-00","127-09-07","환경부","0.4","2.9","3.5","왕숙천","한강","1984-04-01","1984070301:00:00","2024072216:00:00"
"1018635","남양주시(퇴계원리)","37-38-42","127-08-17","환경부","2.0","2.8","3.6","용암천","한강","2002-10-16","2002101700:00:00","2024072216:00:00"
"1018638","남양주시(왕숙교)","37-36-13","127-08-53","환경부","4.9","6.0","8.0","왕숙천","한강","2016-11-07","2016110901:00:00","2024072216:00:00"
"1018640","서울시(광진교)","37-32-44","127-06-37","환경부","3.0","8.6","11.1","한강","한강","1962-02-01","1963071710:00:00","2024072216:00:00"
"1018650","성남시(궁내교)","37-22-12","127-06-30","환경부","2.0","3.3","4.2","탄천","한강","2002-10-16","2002101700:00:00","2024072216:00:00"
"1018655","서울시(대곡교)","37-28-08","127-07-21","환경부","3.8","5.8","7.1","탄천","한강","1984-04-01","1984070301:00:00","2024072216:00:00"
"1018658","서울시(대치교)","37-29-54","127-04-28","환경부","3.0","8.7","11.1","양재천","한강","2015-12-30","2015123010:00:00","2024072216:00:00"
"1018662","서울시(청담대교)","37-31-23","127-03-46","환경부","3.0","10.1","13.1","한강","한강","2000-03-01","2000101700:00:00","2024072216:00:00"
"1018665","의정부시(신곡교)","37-44-07","127-03-12","환경부","2.5","5.1","6.0","중랑천","한강","2002-10-16","2002101700:00:00","2024072216:00:00"
"1018669","서울시(창동교)","37-39-10","127-03-15","환경부","4.5","5.1","6.5","중랑천","한강","2015-12-30","2015123010:00:00","2024072216:00:00"
"1018670","서울시(월계2교)","37-37-27","127-03-00","환경부","2.0","3.9","5.1","우이천","한강","2002-10-16","2002101700:00:00","2024072216:00:00"
"1018675","서울시(중랑교)","37-35-33","127-04-14","환경부","2.4","5.0","6.5","중랑천","한강","1990-11-01","1991050217:00:00","2024072216:00:00"
"1018680","서울시(잠수교)","37-31-02","126-59-43","환경부","3.9","5.5","6.2","한강","한강","1984-06-23","1984070301:00:00","2024072216:00:00"
"1018683","서울시(한강대교)","37-30-52","126-57-24","환경부","3.9","8.5","10.5","한강","한강","1918-08-01","1918081606:00:00","2024072216:00:00"
"1018690","안양시(충훈1교)","37-24-17","126-54-11","환경부","1.0","3.0","4.1","안양천","한강","1984-04-01","1984070308:00:00","2024072216:00:00"
"1018692","서울시(신림5교)","37-28-02","126-56-51","환경부","3.8","4.3","4.8","도림천","한강","2023-06-29","2023062917:00:00","2024072216:00:00"
"1018693","광명시(시흥대교)","37-27-08","126-53-36","환경부","5.0","5.5","6.5","안양천","한강","2002-10-16","2002101700:00:00","2024072216:00:00"
"1018695","서울시(너부대교)","37-28-44","126-50-44","환경부","1.5","3.0","4.0","","한강","2002-10-16","2002101700:00:00","2024072216:00:00"
"1018697","서울시(오금교)","37-30-30","126-52-27","환경부","3.5","7.0","9.0","안양천","한강","2002-10-16","2002020108:00:00","2024072216:00:00"
"1018698","서울시(신대방1교)","37-29-17","126-54-52","환경부","1.3","2.9","3.7","도림천","한강","2023-04-01","2023040101:00:00","2024072216:00:00"
"1019620","부천시(도두리2교)","37-31-56","126-45-38","환경부","2.0","2.7","3.4","굴포천","한강","2013-12-31","2013122711:00:00","2024072216:00:00"
"1019630","서울시(행주대교)","37-36-11","126-48-53","환경부","4.5","7.2","9.0","한강","한강","1916-08-01","1917090319:00:00","2024072216:00:00"
"1019667","고양시(원당교)","37-41-06","126-51-57","환경부","1.6","2.5","3.0","곡릉천","한강","2022-04-01","2022040101:00:00","2024072216:00:00"
"1019675","김포시(전류리)","37-41-45","126-39-52","환경부","5.0","5.5","6.3","한강","한강","1956-01-01","1965071607:00:00","2024072216:00:00"
"1019680","파주시(교하교)","37-45-37","126-45-41","환경부","3.0","5.1","6.5","곡릉천","한강","2015-12-30","2015123010:00:00","2024072216:00:00"
"1021630","철원군(대마리)","38-16-06","127-09-58","환경부","2.0","3.0","4.0","","한강","2021-06-30","2021063000:00:00","2024072216:00:00"
"1021680","연천군(임진교)","38-03-23","127-01-03","환경부","6.5","7.0","9.5","임진강","한강","1989-06-01","1999030504:00:00","2024072216:00:00"
"1022626","철원군(장수대교)","38-14-46","127-22-28","환경부","4.0","5.5","6.5","김화 남대천","한강","2011-12-14","2011121416:00:00","2024072216:00:00"
"1022630","철원군(삼합교)","38-17-38","127-20-57","환경부","3.5","5.2","6.8","한탄강","한강","2001-10-06","2001070916:00:00","2023032011:00:00"
"1022635","철원군(한탄대교)","38-11-13","127-17-57","환경부","5.0","7.9","10.1","한탄강","한강","2015-12-29","2015123010:00:00","2024072216:00:00"
"1022640","포천시(용담교)","38-07-26","127-16-19","환경부","5.0","13.7","18.0","한탄강","한강","1996-06-01","1999030504:00:00","2024072216:00:00"
"1022647","포천시(포천대교)","37-53-33","127-12-07","환경부","4.3","6.1","7.4","포천천","한강","2023-01-27","2023012716:00:00","2024072216:00:00"
"1022648","포천시(은현교)","38-00-08","127-14-19","환경부","3.5","4.5","5.5","포천천","한강","2008-11-03","2008103100:00:00","2024072216:00:00"
"1022650","포천시(영평교)","38-00-39","127-12-52","환경부","2.5","5.5","6.2","영평천","한강","1996-06-01","1999030504:00:00","2024072216:00:00"
"1022655","포천시(신백의교)","38-01-05","127-08-34","환경부","5.5","6.3","8.2","영평천","한강","2006-07-01","2006120100:00:00","2024072216:00:00"
"1022662","연천군(차탄교)","38-05-15","127-04-19","환경부","3.5","4.5","6.5","차탄천","한강","2016-11-07","2016110901:00:00","2024072216:00:00"
"1022668","동두천시(송천교)","37-52-49","127-03-05","환경부","2.5","4.0","5.0","신천","한강","2016-11-07","2016110901:00:00","2024072216:00:00"
"1022670","연천군(신천교)","37-59-35","127-04-37","환경부","3.5","4.8","5.5","","한강","2008-11-03","2008103100:00:00","2024072216:00:00"
"1022680","연천군(사랑교)","38-00-33","127-03-23","환경부","3.7","7.5","9.5","한탄강","한강","1996-06-01","1999030504:00:00","2024072216:00:00"
"1023640","연천군(삼화교)","38-01-31","126-59-00","환경부","11.5","12.7","16.1","임진강","한강","2011-12-14","2011121416:00:00","2024072216:00:00"
"1023660","파주시(비룡대교)","37-59-07","126-55-09","환경부","6.9","9.5","11.5","임진강","한강","2000-02-29","1999030504:00:00","2024072216:00:00"
"1023662","연천군(사미천교)","38-00-12","126-52-42","환경부","8.2","8.6","11.3","사미천","한강","2010-11-11","2010122112:00:00","2024072216:00:00"
"1023670","파주시(통일대교)","37-54-16","126-44-30","환경부","6.0","7.0","8.5","임진강","한강","1997-12-01","1999030504:00:00","2024072216:00:00"
"1023674","파주시(만장교)","37-48-20","126-51-43","환경부","4.1","4.9","5.4","문산천","한강","2023-01-27","2023012716:00:00","2024072216:00:00"
"1023680","파주시(아가메교)","37-49-17","126-47-02","환경부","3.5","5.7","7.4","문산천","한강","2012-10-15","2012092118:00:00","2024072216:00:00"
"1101605","화성시(화산교)","37-13-04","127-01-13","환경부","5.0","6.0","7.5","황구지천","안성천","2013-12-31","2013122711:00:00","2024072216:00:00"
"1101610","안성시(옥산대교)","37-00-05","127-15-01","환경부","1.5","2.7","3.6","안성천","안성천","1962-07-01","1964041904:00:00","2024072216:00:00"
"1101618","안성시(한천교)","36-59-22","127-12-20","환경부","4.0","6.0","7.4","한천","안성천","2024-01-16","2024011611:00:00","2024072216:00:00"
"1101620","안성시(건천리)","36-58-25","127-10-57","환경부","1.0","4.0","5.3","안성천","안성천","1996-09-01","1996090217:00:00","2024072216:00:00"
"1101628","천안시(안궁교)","36-57-52","127-08-23","환경부","8.0","10.0","11.2","입장천","안성천","2024-01-16","2024011614:00:00","2024072216:00:00"
"1101630","천안시(안성천교)","36-58-13","127-06-39","환경부","3.0","3.4","4.5","안성천","안성천","1929-01-01","1930070806:00:00","2024072216:00:00"
"1101635","평택시(군문교)","36-59-01","127-04-48","환경부","4.2","6.0","7.0","안성천","안성천","1929-01-01","1930070804:00:00","2024072216:00:00"
"1101645","오산시(탑동대교)","37-08-02","127-03-29","환경부","1.5","3.7","4.0","오산천","안성천","2009-10-27","2009102700:00:00","2024072216:00:00"
"1101650","화성시(수직교)","37-07-25","126-59-59","환경부","4.0","5.3","6.1","황구지천","안성천","1932-06-01","1935072215:00:00","2024072216:00:00"
"1101663","평택시(진위1교)","37-05-42","127-03-08","환경부","2.5","4.6","5.8","진위천","안성천","2010-11-11","2010122112:00:00","2024072216:00:00"
"1101665","평택시(회화리)","37-05-46","127-01-44","환경부","3.0","3.7","4.9","진위천","안성천","1962-01-01","1930070811:00:00","2024072216:00:00"
"1101670","평택시(동연교)","37-03-09","126-59-51","환경부","5.0","7.5","8.5","진위천","안성천","1986-04-23","1986060101:00:00","2024072216:00:00"
"1101680","평택시(팽성대교)","36-58-41","127-02-01","환경부","4.0","4.6","5.6","안성천","안성천","2007-07-18","2007051416:00:00","2024072216:00:00"
"1301630","양양군(용천2교)","38-03-20","128-36-29","환경부","3.0","4.4","5.2","양양남대천","한강동해","2014-12-29","2014122912:00:00","2024072216:00:00"
"1301658","양양군(양양대교)","38-04-31","128-37-54","환경부","3.0","3.9","4.5","양양남대천","한강동해","1986-09-01","2006010101:00:00","2024072216:00:00"
"1302648","강릉시(회산교)","37-44-35","128-52-12","환경부","2.5","2.8","3.8","강릉남대천","한강동해","1946-06-01","1982082601:00:00","2024072216:00:00"
"1302668","동해시(북평교)","37-29-07","129-07-30","환경부","1.0","2.2","3.0","전천","한강동해","1947-03-01","2006010101:00:00","2024072216:00:00"
"1302670","강릉시(송림교)","37-50-49","128-48-38","환경부","2.5","3.5","4.5","연곡천","한강동해","2014-12-29","2014122912:00:00","2024072216:00:00"
"1303610","삼척시(남양촌교)","37-08-36","129-15-37","환경부","3.0","4.1","5.0","가곡천","한강동해","2014-12-29","2014122912:00:00","2024072216:00:00"
"1303650","삼척시(상정교)","37-22-58","129-05-55","환경부","2.5","4.1","5.1","삼척오십천","한강동해","2014-12-29","2014122912:00:00","2024072216:00:00"
"1303680","삼척시(오십천교)","37-26-17","129-10-05","환경부","4.0","5.8","7.2","삼척오십천","한강동해","1986-09-01","2006010101:00:00","2024072216:00:00"
"2001610","태백시(문화교)","37-05-45","129-01-02","환경부","3.3","4.2","5.1","황지천","낙동강","2010-01-01","2009102800:00:00","2024072216:00:00"
"2001615","봉화군(대현교)","37-03-50","129-02-39","환경부","5.5","6.5","7.2","낙동강","낙동강","2011-03-01","2013071615:00:00","2024072216:00:00"
"2001625","봉화군(광회교)","36-56-03","129-06-37","환경부","3.5","4.0","4.6","회룡천","낙동강","2016-01-01","2016010100:00:00","2024072216:00:00"
"2001628","봉화군(분천교)","36-55-49","129-03-24","환경부","5.9","7.0","7.9","낙동강","낙동강","2010-01-01","2009102800:00:00","2024072216:00:00"
"2001655","봉화군(도천교)","36-51-34","128-54-07","환경부","3.3","4.1","4.9","운곡천","낙동강","2010-01-01","2009102800:00:00","2024072216:00:00"
"2002634","영양군(청암교)","36-35-50","129-05-08","환경부","4.9","5.9","6.9","반변천","낙동강","2014-01-01","2014010100:00:00","2024072216:00:00"
"2002685","안동시(묵계교)","36-25-54","128-54-39","환경부","3.1","4.0","4.9","길안천","낙동강","1988-01-01","1987060120:00:00","2024072216:00:00"
"2002695","안동시(대사3교)","36-21-58","128-57-33","환경부","3.6","4.6","5.6","길안천","낙동강","2014-01-01","2014010100:00:00","2024072216:00:00"
"2003640","안동시(운산리)","36-28-46","128-39-36","환경부","2.3","4.3","4.7","미천","낙동강","2005-01-24","2005012412:00:00","2024072216:00:00"
"2003670","예천군(구담교)","36-32-22","128-27-47","환경부","3.9","5.2","6.6","낙동강","낙동강","2005-01-24","2005012412:00:00","2024072216:00:00"
"2003690","의성군(풍지교)","36-31-48","128-21-54","환경부","5.8","7.7","9.5","낙동강","낙동강","1988-01-01","1987060120:00:00","2024072216:00:00"
"2004605","봉화군(봉화대교)","36-53-15","128-43-55","환경부","2.0","3.0","3.9","내성천","낙동강","2009-01-01","2008121600:00:00","2024072216:00:00"
"2004629","영주시(서천교)","36-49-49","128-36-50","환경부","2.5","3.3","4.8","서천","낙동강","2023-01-09","2023010900:00:00","2024072216:00:00"
"2004635","영주시(월호교)","36-45-47","128-37-16","환경부","3.8","5.5","7.0","서천","낙동강","2007-01-26","2007012622:00:00","2024072216:00:00"
"2004640","영주시(석탑교)","36-42-59","128-35-59","환경부","3.5","4.9","6.2","내성천","낙동강","2008-01-01","2008010100:00:00","2024072216:00:00"
"2004650","예천군(미호교)","36-40-10","128-31-06","환경부","3.0","4.5","5.9","내성천","낙동강","2008-01-01","2008010100:00:00","2024072216:00:00"
"2004668","예천군(신예천교)","36-39-01","128-26-55","환경부","2.5","3.2","3.8","한천","낙동강","1962-07-01","1983060101:00:00","2024072216:00:00"
"2004680","예천군(회룡교)","36-35-10","128-19-10","환경부","5.0","6.0","7.0","내성천","낙동강","2007-01-26","2007012622:00:00","2024072216:00:00"
"2004695","예천군(산양교)","36-36-41","128-15-39","환경부","2.0","2.5","3.0","금천","낙동강","1968-01-01","1981060101:00:00","2024072216:00:00"
"2005640","문경시(갈마교)","36-38-20","128-05-11","환경부","3.5","4.6","5.2","영강","낙동강","2012-01-01","2012010100:00:00","2024072216:00:00"
"2005643","문경시(봉득교)","36-40-09","128-07-24","환경부","4.5","5.5","6.5","조령천","낙동강","2023-01-09","2023010900:00:00","2024072216:00:00"
"2005650","문경시(불정교)","36-38-45","128-08-55","환경부","3.75","5.0","5.5","영강","낙동강","1996-12-26","2002031907:00:00","2024072216:00:00"
"2005660","문경시(김용리)","36-35-21","128-13-00","환경부","2.9","4.0","4.5","영강","낙동강","1965-12-01","1981060101:00:00","2024072216:00:00"
"2005680","상주시(이안교)","36-32-38","128-09-32","환경부","2.8","3.4","3.9","이안천","낙동강","1968-01-01","1983060201:00:00","2024072216:00:00"
"2006625","상주시(병성교)","36-26-08","128-13-17","환경부","4.0","5.6","7.1","병성천","낙동강","2003-04-01","2003040100:00:00","2024072216:00:00"
"2006630","상주시(소천2교)","36-22-31","128-08-52","환경부","2.2","3.3","4.0","병성천","낙동강","1968-01-01","1980060101:00:00","2024072216:00:00"
"2006665","상주시(후천교)","36-25-41","128-09-31","환경부","2.7","3.3","3.9","북천","낙동강","1942-10-01","1983070212:00:00","2024072216:00:00"
"2006675","상주시(화계교)","36-25-07","128-10-59","환경부","2.8","3.8","4.8","병성천","낙동강","2010-01-01","2009102800:00:00","2024072216:00:00"
"2007620","문경시(말응리)","36-32-33","128-15-41","환경부","4.3","6.1","7.8","낙동강","낙동강","2007-01-26","2007012622:00:00","2024072216:00:00"
"2007640","문경시(이목리)","36-33-20","128-17-46","환경부","5.8","8.0","10.1","낙동강","낙동강","1962-07-01","1917090406:00:00","2024072216:00:00"
"2007660","예천군(상풍교)","36-29-55","128-16-07","환경부","1.72","4.0","5.5","낙동강","낙동강","1988-01-01","1987060120:00:00","2024072216:00:00"
"2007680","상주시(상주보상)","36-25-55","128-15-05","환경부","47.5","48.6","49.1","낙동강","낙동강","2010-05-31","2010060311:00:00","2024072216:00:00"
"2007682","상주시(상주보하)","36-26-05","128-14-33","환경부","43.1","44.7","46.3","낙동강","낙동강","2011-07-01","2012061514:00:00","2024072216:00:00"
"2007686","상주시(강창교)","36-24-35","128-14-40","환경부","5.45","8.5","10.1","낙동강","낙동강","2018-11-02","2018110217:00:00","2024072216:00:00"
"2008628","의성군(구미교)","36-18-21","128-36-01","환경부","4.0","5.1","6.2","남대천","낙동강","2017-12-14","2018011515:00:00","2024072216:00:00"
"2008630","군위군(미성교)","36-10-54","128-40-20","환경부","2.4","2.9","3.4","위천","낙동강","1982-07-06","1982070601:00:00","2024072216:00:00"
"2008631","의성군(덕은교)","36-17-24","128-36-32","환경부","4.5","5.2","5.8","쌍계천","낙동강","2012-01-01","2012031501:00:00","2024072216:00:00"
"2008633","의성군(장송교)","36-19-41","128-31-15","환경부","4.8","6.5","8.0","위천","낙동강","2021-10-01","2020052716:00:00","2024072216:00:00"
"2008635","군위군(병수리)","36-10-37","128-35-08","환경부","2.9","3.5","4.4","위천","낙동강","1982-07-09","1982090113:00:00","2024072216:00:00"
"2008645","군위군(효령교)","36-09-19","128-35-03","환경부","2.2","2.5","3.2","남천","낙동강","1982-09-01","1982070101:00:00","2024072216:00:00"
"2008650","군위군(무성리)","36-11-38","128-33-51","환경부","4.2","5.0","6.0","위천","낙동강","1982-07-08","1982070514:00:00","2024072216:00:00"
"2008665","의성군(동부교)","36-19-26","128-30-02","환경부","4.6","5.8","7.1","위천","낙동강","2016-01-01","2016010100:00:00","2024072216:00:00"
"2008690","의성군(위중리)","36-21-35","128-23-49","환경부","4.8","6.5","8.1","위천","낙동강","1965-12-01","1980070101:00:00","2024072216:00:00"
"2009618","의성군(낙단보상)","36-21-26","128-18-47","환경부","40.5","42.2","43.0","낙동강","낙동강","2010-05-31","2010060311:00:00","2024072216:00:00"
"2009620","의성군(낙단교)","36-21-27","128-18-04","환경부","8.3","9.0","10.5","낙동강","낙동강","1924-01-01","1915090812:00:00","2024072216:00:00"
"2009670","구미시(일선교)","36-16-23","128-20-34","환경부","2.21","3.6","4.6","낙동강","낙동강","1982-07-01","1983060101:00:00","2024072216:00:00"
"2009680","구미시(구미보상)","36-14-18","128-20-23","환경부","33.0","34.3","34.9","낙동강","낙동강","2010-05-31","2010060311:00:00","2024072216:00:00"
"2009682","구미시(구미보하)","36-14-01","128-20-40","환경부","29.1","30.9","32.7","낙동강","낙동강","2011-06-01","2012061514:00:00","2024072216:00:00"
"2010635","김천시(지품교)","36-01-34","128-02-23","환경부","3.3","4.0","4.7","감천","낙동강","2012-01-01","2012010414:00:00","2024072216:00:00"
"2010650","김천시(김천교)","36-07-09","128-07-50","환경부","2.76","4.5","5.0","감천","낙동강","1942-10-01","1954072322:00:00","2024072216:00:00"
"2011625","구미시(양포교)","36-08-10","128-25-44","환경부","3.8","4.8","5.9","한천","낙동강","2016-01-01","2016010100:00:00","2024072216:00:00"
"2011640","구미시(구미대교)","36-06-39","128-23-48","환경부","2.17","4.6","5.6","낙동강","낙동강","1962-07-01","1987060120:00:00","2024072216:00:00"
"2011648","칠곡군(칠곡보상)","36-01-02","128-23-45","환경부","26.0","27.2","27.8","낙동강","낙동강","2010-05-31","2010060311:00:00","2024072216:00:00"
"2011649","칠곡군(칠곡보하)","36-00-50","128-23-42","환경부","21.9","23.6","25.4","낙동강","낙동강","2011-06-01","2012061514:00:00","2024072216:00:00"
"2011650","칠곡군(호국의다리)","36-00-01","128-23-39","환경부","6.88","10.0","11.5","낙동강","낙동강","1924-04-01","1917070417:00:00","2024072216:00:00"
"2011660","성주군(성주대교)","35-52-51","128-23-25","환경부","4.73","7.4","8.7","낙동강","낙동강","1995-03-08","1987060120:00:00","2024072216:00:00"
"2011665","성주군(도성교)","35-52-45","128-21-57","환경부","3.7","4.9","6.1","백천","낙동강","2009-01-01","2008121600:00:00","2024072216:00:00"
"2011696","대구시(강정고령보하)","35-50-21","128-27-55","환경부","17.6","19.6","21.6","낙동강","낙동강","2012-01-27","2012061514:00:00","2024072216:00:00"
"2012625","영천시(단포교)","35-58-43","128-58-06","환경부","2.2","2.8","3.4","자호천","낙동강","1972-01-01","1988061615:00:00","2024072216:00:00"
"2012628","영천시(영동교)","35-58-08","128-56-18","환경부","3.2","3.4","4.2","금호강","낙동강","2008-02-01","2008012900:00:00","2024072216:00:00"
"2012632","영천시(영양교)","35-57-42","128-55-03","환경부","1.9","2.9","3.7","신령천","낙동강","2011-01-01","2011010100:00:00","2024072216:00:00"
"2012640","영천시(금창교)","35-55-50","128-52-32","환경부","2.1","4.0","5.0","금호강","낙동강","1962-07-01","1965071709:00:00","2024072216:00:00"
"2012645","봉화군(풍호리)","36-50-46","128-53-20","환경부","5.0","8.4","10.5","낙동강","낙동강","1962-07-01","2006010916:00:00","2024072216:00:00"
"2012648","경산시(압량교)","35-51-08","128-45-59","환경부","1.9","2.7","3.5","오목천","낙동강","2009-01-01","2008121600:00:00","2024072216:00:00"
"2012650","경산시(환상리)","35-52-41","128-46-45","환경부","1.8","4.0","5.0","금호강","낙동강","2002-04-11","2001010100:00:00","2024072216:00:00"
"2012652","대구시(성동교)","35-51-07","128-43-25","환경부","1.8","3.3","4.1","남천","낙동강","2002-02-07","2001010100:00:00","2024072216:00:00"
"2012653","대구시(안심교)","35-51-42","128-42-52","환경부","1.0","4.0","5.0","금호강","낙동강","2011-01-01","2011010100:00:00","2024072216:00:00"
"2012660","대구시(신암동)","35-53-30","128-38-04","환경부","3.25","5.5","7.5","금호강","낙동강","1923-06-01","1923072320:00:00","2024072216:00:00"
"2012665","대구시(동화교)","35-54-59","128-36-01","환경부","2.0","3.8","4.8","동화천","낙동강","2002-02-07","2001010100:00:00","2024072216:00:00"
"2012666","대구시(노곡교)","35-54-07","128-33-53","환경부","5.1","7.0","8.8","금호강","낙동강","2021-10-01","2021093010:00:00","2024072216:00:00"
"2012670","대구시(산격대교)","35-54-34","128-35-54","환경부","3.9","5.9","7.2","금호강","낙동강","2006-01-25","2006011216:00:00","2024072216:00:00"
"2012690","대구시(성북교)","35-53-35","128-35-35","환경부","2.0","2.9","3.9","신천","낙동강","2002-04-11","2001010100:00:00","2024072216:00:00"
"2012695","대구시(강창교)","35-51-12","128-28-18","환경부","5.5","7.6","9.8","금호강","낙동강","1962-07-01","1963061906:00:00","2024072216:00:00"
"2012696","대구시(매곡리)","35-50-58","128-26-47","환경부","6.98","9.0","10.0","낙동강","낙동강","2006-04-25","2006011216:00:00","2024072216:00:00"
"2013615","성주군(가천교)","35-52-51","128-10-23","환경부","2.2","2.9","3.6","대가천","낙동강","1962-07-01","1963062005:00:00","2024072216:00:00"
"2013620","성주군(화죽교)","35-52-24","128-10-45","환경부","2.1","2.5","2.9","화죽천","낙동강","2009-01-01","2008121600:00:00","2024072216:00:00"
"2013629","성주군(작천교)","35-47-43","128-15-54","환경부","4.0","4.9","5.8","대가천","낙동강","2023-01-09","2023010900:00:00","2024072216:00:00"
"2013630","합천군(구정리)","35-42-26","128-10-11","환경부","3.02","3.6","4.2","가야천","낙동강","2015-01-01","2015010100:00:00","2024072216:00:00"
"2013640","고령군(귀원교)","35-40-33","128-14-21","환경부","4.3","4.9","5.5","안림천","낙동강","2012-01-01","2012010414:00:00","2024072216:00:00"
"2013650","고령군(회천교)","35-43-45","128-16-40","환경부","3.1","3.6","4.2","회천","낙동강","1962-07-01","1963061911:00:00","2024072216:00:00"
"2013685","고령군(사촌리)","35-42-02","128-19-19","환경부","4.0","5.5","6.9","회천","낙동강","1968-01-01","1977040608:00:00","2024072216:00:00"
"2013690","고령군(도진교)","35-40-44","128-20-14","환경부","4.1","5.8","7.5","회천","낙동강","2003-05-23","2003052300:00:00","2024072216:00:00"
"2014620","대구시(사문진교)","35-48-44","128-28-27","환경부","3.87","8.8","10.8","낙동강","낙동강","1995-04-01","1987060120:00:00","2024072216:00:00"
"2014640","고령군(고령교)","35-45-10","128-23-13","환경부","3.9","8.1","9.9","낙동강","낙동강","1968-01-01","1977042507:00:00","2024072216:00:00"
"2014650","대구시(달성보상)","35-44-10","128-25-20","환경부","14.5","18.7","20.3","낙동강","낙동강","2010-05-31","2010060311:00:00","2024072216:00:00"
"2014651","고령군(달성보하)","35-43-55","128-24-59","환경부","14.2","16.6","19.1","낙동강","낙동강","2012-01-27","2012061514:00:00","2024072216:00:00"
"2014660","대구시(성하리)","35-42-10","128-26-03","환경부","2.7","10.0","12.0","낙동강","낙동강","1917-06-01","1921071313:00:00","2024072216:00:00"
"2014680","대구시(내리)","35-38-01","128-24-11","환경부","6.42","9.24","12.07","낙동강","낙동강","2006-04-26","1965071101:00:00","2024072216:00:00"
"2014690","합천군(율지교)","35-36-44","128-21-30","환경부","6.85","10.0","12.3","낙동강","낙동강","2006-01-25","2006011216:00:00","2024072216:00:00"
"2014697","합천군(합천창녕보상)","35-35-20","128-21-22","환경부","11.0","15.4","17.0","낙동강","낙동강","2010-05-31","2010060311:00:00","2024072216:00:00"
"2014699","합천군(합천창녕보하)","35-35-13","128-21-19","환경부","10.2","12.9","15.5","낙동강","낙동강","2012-01-27","2012061514:00:00","2024072216:00:00"
"2015630","거창군(남하교)","35-40-18","127-56-25","환경부","2.9","3.9","4.9","황강","낙동강","2012-03-01","2013071615:00:00","2024072216:00:00"
"2016660","합천군(기리교)","35-36-49","128-13-10","환경부","3.9","5.3","6.7","황강","낙동강","2022-03-02","2022021412:00:00","2024072216:00:00"
"2016680","합천군(황강교)","35-34-19","128-17-34","환경부","5.0","7.0","9.0","황강","낙동강","1962-07-01","1965071206:00:00","2024072216:00:00"
"2017620","합천군(적포교)","35-31-39","128-21-33","환경부","4.9","11.5","14.0","낙동강","낙동강","1980-06-01","1980072312:00:00","2024072216:00:00"
"2017630","의령군(대곡교)","35-29-07","128-20-54","환경부","5.0","6.9","8.7","신반천","낙동강","2012-01-01","2012010414:00:00","2024072216:00:00"
"2017670","의령군(박진교)","35-26-24","128-22-33","환경부","12.9","15.7","18.5","낙동강","낙동강","1955-11-01","1920070916:00:00","2024072216:00:00"
"2017685","의령군(세간교)","35-26-36","128-21-00","환경부","2.66","3.5","4.0","유곡천","낙동강","2008-02-01","2008012900:00:00","2024072216:00:00"
"2018609","함양군(안의교)","35-37-45","127-48-48","환경부","1.5","2.4","3.0","남강","낙동강","1962-07-01","1964071601:00:00","2024072216:00:00"
"2018635","함양군(화촌리)","35-27-53","127-47-28","한국수자원공사","4.2","5.1","5.8","임천","낙동강","1994-11-01","1987060120:00:00","2024072215:00:00"
"2018640","산청군(고읍교)","35-29-21","127-49-50","환경부","5.5","6.8","8.1","남강","낙동강","2015-01-01","2007020113:00:00","2024072216:00:00"
"2018645","산청군(경호교)","35-25-05","127-52-28","한국수자원공사","3.76","6.5","8.0","남강","낙동강","1976-03-13","1915090820:00:00","2024072215:00:00"
"2018662","산청군(소이교)","35-21-36","128-00-27","환경부","2.2","3.4","4.5","신등천","낙동강","2017-12-09","2018011515:00:00","2024072216:00:00"
"2018674","산청군(묵곡교)","35-16-55","127-57-51","환경부","4.4","6.3","8.2","남강","낙동강","2011-01-01","2011010100:00:00","2024072216:00:00"
"2019610","고성군(두문교)","35-05-55","128-11-27","환경부","2.9","3.5","4.1","영천강","낙동강","2009-01-01","2008121600:00:00","2024072216:00:00"
"2019620","함안군(송도교)","35-21-38","128-24-57","환경부","8.6","10.9","13.3","남강","낙동강","2015-01-01","2015010100:00:00","2024072216:00:00"
"2019625","진주시(옥산교)","35-09-48","128-09-23","환경부","5.1","5.9","6.7","영천강","낙동강","2017-01-01","2017010100:00:00","2024072216:00:00"
"2019635","진주시(덕오리)","35-14-15","128-08-13","환경부","4.5","5.8","7.1","남강","낙동강","2007-01-26","2007012622:00:00","2024072216:00:00"
"2019640","진주시(월강교)","35-13-21","128-11-56","환경부","3.7","5.4","7.2","남강","낙동강","2010-01-01","2011010100:00:00","2024072216:00:00"
"2019647","진주시(장박교)","35-15-23","128-16-20","환경부","6.3","8.4","10.6","남강","낙동강","2013-01-01","2013010100:00:00","2024072216:00:00"
"2019653","의령군(공단교)","35-19-02","128-16-07","환경부","4.7","5.7","6.8","의령천","낙동강","2016-01-01","2016010100:00:00","2024072216:00:00"
"2019655","의령군(정암교)","35-18-48","128-17-43","환경부","4.0","7.0","8.5","남강","낙동강","1922-08-01","1916062418:00:00","2024072216:00:00"
"2019680","함안군(서촌리)","35-19-54","128-24-02","환경부","6.0","8.3","10.6","함안천","낙동강","2006-01-25","2006011216:00:00","2024072216:00:00"
"2019685","함안군(대사교)","35-15-18","128-25-32","환경부","2.3","2.8","3.3","함안천","낙동강","2016-12-29","2017010100:00:00","2024072216:00:00"
"2019695","의령군(성산리)","35-23-27","128-25-45","환경부","5.1","7.5","9.9","남강","낙동강","1917-07-01","1917070501:00:00","2024072216:00:00"
"2020603","밀양시(판곡교)","35-30-16","128-39-13","환경부","2.6","3.2","3.8","청도천","낙동강","2008-02-01","2008012900:00:00","2024072216:00:00"
"2020605","창녕군(강리)","35-27-27","128-27-45","환경부","2.3","3.4","4.4","계성천","낙동강","2008-02-01","2008012900:00:00","2024072216:00:00"
"2020615","함안군(계내리)","35-23-00","128-29-01","환경부","3.6","7.0","9.0","낙동강","낙동강","1921-08-01","1921080101:00:00","2024072216:00:00"
"2020640","함안군(소랑교)","35-22-53","128-31-21","환경부","5.67","10.1","11.9","광려천","낙동강","2007-01-26","2007012622:00:00","2024072216:00:00"
"2020646","함안군(창녕함안보하)","35-22-38","128-33-09","환경부","5.8","8.4","10.9","낙동강","낙동강","2012-01-27","2012061514:00:00","2024072216:00:00"
"2020647","창녕군(창녕함안보상)","35-22-59","128-33-01","환경부","5.5","10.2","11.9","낙동강","낙동강","2010-05-31","2010060311:00:00","2024072216:00:00"
"2020650","창녕군(청암리)","35-23-44","128-36-03","환경부","11.5","11.7","14.03","낙동강","낙동강","1955-10-01","1924072402:00:00","2024072216:00:00"
"2020651","밀양시(인교)","35-25-31","128-39-04","환경부","4.8","6.8","8.8","청도천","낙동강","2012-01-01","2012010414:00:00","2024072216:00:00"
"2020675","창원시(수산대교)","35-21-55","128-42-51","환경부","5.4","7.6","9.7","광려천","낙동강","1924-02-01","1917070510:00:00","2024072216:00:00"
"2020680","김해시(오서교)","35-20-10","128-48-54","환경부","4.5","6.0","7.5","화포천","낙동강","2007-01-26","2007012622:00:00","2024072216:00:00"
"2021610","경주시(의곡교)","35-45-30","129-02-51","환경부","2.3","3.0","3.7","동창천","낙동강","2016-12-29","2017010100:00:00","2024072216:00:00"
"2021630","청도군(매전교)","35-40-25","128-52-01","한국수자원공사","4.0","5.0","6.0","동창천","낙동강","2013-11-30","20:00:00","2024072215:00:00"
"2021640","청도군(원리)","35-37-11","128-45-46","환경부","2.3","3.2","4.2","청도천","낙동강","1962-07-01","1963062002:00:00","2024072216:00:00"
"2021665","밀양시(상동교)","35-33-53","128-45-54","환경부","5.0","6.3","7.4","밀양강","낙동강","2011-01-01","2011010100:00:00","2024072216:00:00"
"2021670","밀양시(금곡리)","35-30-32","128-50-21","환경부","4.8","5.5","6.0","단장천","낙동강","2014-01-01","2014010100:00:00","2024072216:00:00"
"2021675","밀양시(용평동)","35-29-39","128-46-45","환경부","1.7","3.5","4.5","밀양강","낙동강","1917-02-01","1918071113:00:00","2024072216:00:00"
"2021677","밀양시(남천교)","35-29-21","128-44-50","환경부","4.5","5.23","6.2","밀양강","낙동강","2007-01-26","2007012622:00:00","2024072216:00:00"
"2021685","밀양시(남포동)","35-27-40","128-47-07","환경부","3.45","7.3","9.5","밀양강","낙동강","1988-01-01","1987060120:00:00","2024072216:00:00"
"2021690","밀양시(삼상교)","35-24-39","128-47-48","환경부","4.5","7.8","9.9","밀양강","낙동강","2006-01-25","2006011216:00:00","2024072216:00:00"
"2022610","밀양시(삼랑진교)","35-22-58","128-49-18","환경부","4.0","5.0","7.0","낙동강","낙동강","1955-08-01","1916062319:00:00","2024072216:00:00"
"2022640","김해시(월촌리)","35-17-22","128-59-39","환경부","3.23","5.5","7.0","낙동강","낙동강","1935-01-01","1935072314:00:00","2024072216:00:00"
"2022655","양산시(효충교)","35-22-50","129-02-49","환경부","3.4","4.6","5.8","양산천","낙동강","2006-01-25","2006011216:00:00","2024072216:00:00"
"2022660","양산시(양산교)","35-21-27","129-02-10","환경부","2.4","3.9","5.1","양산천","낙동강","1962-07-01","1980080308:00:00","2024072216:00:00"
"2022662","양산시(어곡1교)","35-22-26","129-01-41","환경부","3.3","4.2","5.2","유산천","낙동강","2024-01-09","2024020212:00:00","2024072216:00:00"
"2022670","양산시(호포대교)","35-17-22","129-00-41","환경부","3.25","5.8","7.2","양산천","낙동강","2006-01-27","2006011216:00:00","2024072216:00:00"
"2022678","부산시(대동낙동강교)","35-13-30","128-58-34","환경부","4.2","4.6","5.0","서낙동강","낙동강","2024-02-13","2024010101:00:00","2024072216:00:00"
"2022680","부산시(구포대교)","35-12-13","128-59-36","환경부","2.53","4.0","5.0","낙동강","낙동강","1927-06-01","1918070211:00:00","2024072216:00:00"
"2022685","김해시(정천교)","35-12-20","128-50-01","환경부","3.25","4.0","4.9","조만강","낙동강","2008-02-01","2008012900:00:00","2024072216:00:00"
"2022688","부산시(동서교)","35-11-51","128-55-52","환경부","3.8","4.5","5.2","평강천","낙동강","2023-10-18","2023091515:00:00","2024072216:00:00"
"2022690","부산시(강동교)","35-11-31","128-54-20","환경부","6.6","7.0","7.3","서낙동강","낙동강","2022-04-20","2022021412:00:00","2024072216:00:00"
"2101610","경주시(망성교)","35-47-17","129-12-02","환경부","2.4","3.4","4.5","형산강","형산강","2016-01-01","2016010100:00:00","2024072216:00:00"
"2101620","경주시(효현교)","35-48-54","129-10-44","환경부","4.3","5.2","6.1","대천","형산강","2016-01-01","2016010100:00:00","2024072216:00:00"
"2101624","경주시(교촌교)","35-49-44","129-12-53","환경부","3.8","4.9","5.9","남천","형산강","2024-01-09","2024020212:00:00","2024072216:00:00"
"2101625","경주시(서천교)","35-50-17","129-12-05","환경부","1.7","4.3","5.2","형산강","형산강","1962-07-01","1998033009:00:00","2024072216:00:00"
"2101650","경주시(모아리)","35-55-16","129-14-25","환경부","2.9","4.0","5.1","형산강","형산강","1962-07-01","1985062320:00:00","2024072216:00:00"
"2101668","경주시(달성교)","36-03-07","129-14-18","환경부","3.6","4.0","4.4","기계천","형산강","1998-06-01","1998033009:00:00","2024072216:00:00"
"2101675","경주시(강동대교)","35-58-52","129-15-49","환경부","5.29","6.5","7.5","형산강","형산강","1962-07-01","1965071207:00:00","2024072216:00:00"
"2101690","포항시(형산교)","36-00-42","129-22-19","환경부","1.56","2.5","3.0","형산강","형산강","1928-01-01","1928072105:00:00","2024072216:00:00"
"2201611","울산시(구수교)","35-32-53","129-09-03","환경부","4.0","4.9","5.9","태화강","태화강","2016-01-01","2016010100:00:00","2024072216:00:00"
"2201630","울산시(사연교)","35-34-21","129-12-16","환경부","3.0","4.0","5.1","태화강","태화강","1962-07-01","1972070316:00:00","2024072216:00:00"
"2201640","울산시(선바위교)","35-34-41","129-14-07","환경부","3.5","6.0","7.5","태화강","태화강","2017-11-09","2018011515:00:00","2024072216:00:00"
"2201660","울산시(삼호교)","35-33-14","129-16-31","환경부","1.7","4.5","6.0","태화강","태화강","1962-07-01","1965070808:00:00","2024072216:00:00"
"2201670","울산시(태화교)","35-33-09","129-18-33","환경부","3.5","4.5","5.5","태화강","태화강","1962-02-01","1969070404:00:00","2024072216:00:00"
"2201685","울산시(신답교)","35-37-47","129-20-48","환경부","3.75","4.2","4.8","동천","태화강","2017-11-10","2018011515:00:00","2024072216:00:00"
"2201690","울산시(병영교)","35-34-36","129-21-07","환경부","3.19","4.4","5.5","동천","태화강","1962-07-01","1965072120:00:00","2024072216:00:00"
"2301630","울산시(통천교)","35-28-12","129-14-21","환경부","1.4","2.0","2.7","회야강","회야ㆍ수영","1962-07-01","2006010916:00:00","2024072216:00:00"
"2301650","울산시(동천리)","35-27-48","129-17-05","환경부","4.2","4.8","5.5","회야강","회야ㆍ수영","1962-07-01","2006010916:00:00","2024072216:00:00"
"2301670","울산시(덕신교)","35-26-03","129-18-15","환경부","4.3","6.6","7.5","회야강","회야ㆍ수영","2016-01-01","2016010100:00:00","2024072216:00:00"
"2302640","부산시(동천교)","35-13-03","129-07-06","환경부","3.75","6.4","7.6","수영강","회야ㆍ수영","2022-03-02","2022021115:00:00","2024072216:00:00"
"2302650","부산시(원동교)","35-11-38","129-06-51","환경부","3.3","4.6","5.3","","회야ㆍ수영","2017-01-01","2017010100:00:00","2024072216:00:00"
"2302655","부산시(세병교)","35-11-48","129-04-58","환경부","4.0","5.0","6.0","온천천","회야ㆍ수영","2022-03-02","2022021115:00:00","2024072216:00:00"
"2401613","울진군(올미골교)","37-01-51","129-19-31","환경부","2.8","3.5","4.2","남대천","낙동강동해","2022-07-27","2022072816:00:00","2024072216:00:00"
"2401616","울진군(월변교)","36-59-20","129-24-05","환경부","2.5","3.7","4.5","남대천","낙동강동해","2022-03-02","2022021811:00:00","2024072216:00:00"
"2401633","영양군(수하3교)","36-49-48","129-16-08","환경부","3.9","4.8","5.8","장수포천","낙동강동해","2024-01-09","2024020212:00:00","2024072216:00:00"
"2401650","울진군(수산교)","36-57-57","129-23-53","환경부","4.2","5.0","6.0","왕피천","낙동강동해","2017-01-01","2017010100:00:00","2024072216:00:00"
"2401690","영덕군(인량교)","36-32-56","129-22-38","환경부","2.9","3.4","4.0","송천","낙동강동해","2016-01-01","2016010100:00:00","2024072216:00:00"
"2402630","영덕군(영덕대교)","36-24-09","129-22-24","환경부","2.9","3.7","4.5","영덕오십천","낙동강동해","2016-01-01","2016010100:00:00","2024072216:00:00"
"2402680","포항시(곡강교)","36-07-19","129-20-46","환경부","2.5","3.1","3.6","곡강천","낙동강동해","2024-01-09","2024020212:00:00","2024072216:00:00"
"2403620","포항시(문덕3교)","35-57-06","129-24-23","환경부","3.0","3.7","4.5","냉천","낙동강동해","2023-03-05","2023042710:00:00","2024072216:00:00"
"3001605","장수군(운곡교)","35-43-17","127-31-51","환경부","1.5","2.5","3.5","금강","금강","2008-01-01","2008010100:00:00","2024072216:00:00"
"3001610","장수군(장계제2교)","35-43-49","127-34-59","환경부","1.5","2.0","2.5","장계천","금강","2008-01-01","2008010100:00:00","2024072216:00:00"
"3002650","진안군(감동교)","35-58-15","127-32-05","환경부","2.4","4.8","6.2","금강","금강","1962-07-01","1963072605:00:00","2024072216:00:00"
"3002655","무주군(대티교)","35-59-38","127-34-39","환경부","1.5","4.2","5.4","금강","금강","2012-01-01","2011082511:00:00","2024072216:00:00"
"3003617","무주군(하두교)","35-59-25","127-47-33","환경부","3.0","4.0","4.5","원당천","금강","2021-12-28","2021122818:00:00","2024072216:00:00"
"3003620","무주군(신촌농2교)","36-00-20","127-47-43","환경부","1.7","3.0","3.7","무주남대천","금강","2007-01-01","2006010100:00:00","2024072216:00:00"
"3003660","무주군(여의교)","36-02-09","127-42-42","환경부","2.5","4.1","5.2","무주남대천","금강","2007-01-01","2006010100:00:00","2024072216:00:00"
"3003675","무주군(산성교)","35-59-14","127-41-45","환경부","2.7","3.0","4.0","상곡천","금강","2021-12-28","2021122818:00:00","2024072216:00:00"
"3003680","무주군(취수장)","36-00-32","127-40-26","환경부","1.3","3.0","4.0","무주남대천","금강","1973-01-01","1981060101:00:00","2024072216:00:00"
"3003692","무주군(무명교)","35-59-09","127-38-21","환경부","2.7","3.3","3.8","적상천","금강","2021-12-28","2021122818:00:00","2024072216:00:00"
"3003694","무주군(서면교)","36-00-11","127-37-28","환경부","3.1","4.2","5.4","","금강","2024-02-01","2024040117:00:00","2024072216:00:00"
"3004637","금산군(황풍교)","36-04-54","127-30-27","환경부","2.0","2.4","2.8","봉황천","금강","2019-09-06","2019100118:00:00","2024072216:00:00"
"3004640","금산군(제원대교)","36-06-40","127-34-02","환경부","2.5","5.0","6.0","금강","금강","1995-03-01","2005022313:00:00","2024072216:00:00"
"3004645","금산군(음대교)","36-01-48","127-30-08","환경부","1.5","2.5","3.0","봉황천","금강","2011-01-01","2010080211:00:00","2024072216:00:00"
"3004680","영동군(영산교)","36-10-44","127-46-21","환경부","1.6","3.5","4.0","영동천","금강","2013-01-01","2013010100:00:00","2024010100:00:00"
"3004685","영동군(초강교)","36-12-40","127-42-57","환경부","2.6","4.5","5.5","영동천","금강","2006-01-01","2005042910:00:00","2024072216:00:00"
"3004690","영동군(양강교)","36-12-43","127-42-28","환경부","3.2","5.0","6.0","금강","금강","1962-07-01","1963053012:00:00","2024072216:00:00"
"3005670","영동군(금상교)","36-13-31","127-54-37","환경부","1.6","3.0","4.0","초강","금강","2008-01-01","2008010100:00:00","2024072216:00:00"
"3005675","영동군(백화교)","36-15-35","127-53-48","환경부","2.6","3.5","4.5","석천","금강","2008-01-01","2008010100:00:00","2024072216:00:00"
"3005690","영동군(심천교)","36-13-50","127-43-18","환경부","1.7","4.0","5.2","초강","금강","1973-01-01","1976082716:00:00","2024072216:00:00"
"3006680","옥천군(이원대교)","36-14-22","127-40-04","한국수자원공사","3.2","6.4","7.9","금강","금강","1979-09-15","1984070301:00:00","2024072216:00:00"
"3006690","옥천군((구)금강2교)","36-17-22","127-38-43","환경부","4.7","9.4","12.4","금강","금강","2021-12-28","2022010501:00:00","2024072216:00:00"
"3007610","보은군(산성교)","36-31-13","127-43-06","환경부","1.4","2.3","2.8","보청천","금강","1982-08-01","1982091413:00:00","2024072216:00:00"
"3007620","보은군(이평교)","36-29-22","127-43-21","환경부","1.4","2.5","3.5","보청천","금강","1982-08-01","1982070709:00:00","2024072216:00:00"
"3007640","보은군(탄부교)","36-26-14","127-48-42","환경부","1.7","2.7","3.4","삼가천","금강","1982-08-01","1985060108:00:00","2024072216:00:00"
"3007645","보은군(대양교)","36-25-15","127-47-53","환경부","4.0","5.1","5.8","보청천","금강","2008-01-01","2008010100:00:00","2024072216:00:00"
"3007650","보은군(기대교)","36-24-57","127-49-15","환경부","2.6","4.7","5.9","보청천","금강","1982-08-01","1984060107:00:00","2024072216:00:00"
"3007660","옥천군(산계교)","36-19-02","127-45-29","환경부","3.1","4.0","5.5","보청천","금강","1982-08-01","1985060105:00:00","2024072216:00:00"
"3008605","금산군(원당교)","36-13-26","127-30-10","환경부","3.1","3.5","3.9","추풍천","금강","2021-12-28","2021122818:00:00","2024072216:00:00"
"3008630","옥천군(옥각교)","36-19-03","127-33-18","환경부","1.8","3.4","4.4","소옥천","금강","2008-01-01","2008010100:00:00","2024072216:00:00"
"3008670","금산군(제원교)","36-06-42","127-33-10","환경부","2.8","4.5","5.5","봉황천","금강","2007-01-01","2006010100:00:00","2024072216:00:00"
"3008695","대전시(금강1교)","36-27-17","127-25-00","환경부","2.3","5.2","6.7","금강","금강","2007-01-01","2006010100:00:00","2024072216:00:00"
"3009608","논산시(부엉골교)","36-11-50","127-16-50","환경부","1.1","1.7","2.2","","금강","2024-02-01","2024040117:00:00","2024072216:00:00"
"3009617","금산군(백암교)","36-11-34","127-23-16","환경부","2.2","2.9","3.5","","금강","2023-04-11","2023041314:00:00","2024072216:00:00"
"3009620","금산군(문암교)","36-13-30","127-22-40","환경부","2.0","2.5","3.5","유등천","금강","2001-05-01","2001041318:00:00","2024072216:00:00"
"3009630","대전시(복수교)","36-17-57","127-23-04","환경부","1.8","2.7","3.2","유등천","금강","2001-05-01","2001041318:00:00","2024072216:00:00"
"3009640","대전시(인창교)","36-19-25","127-26-04","환경부","2.1","3.0","3.8","","금강","2001-05-01","2001041318:00:00","2024072216:00:00"
"3009645","대전시(철갑교)","36-20-06","127-26-17","환경부","1.5","2.3","2.8","대동천","금강","2009-01-01","2008111917:00:00","2024072216:00:00"
"3009650","대전시(용촌교)","36-14-51","127-18-58","환경부","2.0","2.5","3.1","갑천","금강","2001-05-01","2001041318:00:00","2024072216:00:00"
"3009655","대전시(두계교)","36-15-59","127-16-44","환경부","2.1","3.0","4.0","두계천","금강","2001-05-01","2001041318:00:00","2024072216:00:00"
"3009665","대전시(가수원교)","36-18-24","127-21-32","환경부","2.8","3.1","3.6","갑천","금강","2001-05-01","2001041318:00:00","2024072216:00:00"
"3009670","대전시(만년교)","36-21-06","127-20-59","환경부","2.5","3.5","4.5","갑천","금강","1985-03-01","2001041318:00:00","2024072216:00:00"
"3009673","대전시(한밭대교)","36-21-25","127-24-11","환경부","3.0","3.8","4.8","유등천","금강","2012-01-01","2011082511:00:00","2024072216:00:00"
"3009675","대전시(대덕대교)","36-22-24","127-22-47","환경부","1.0","2.7","3.6","갑천","금강","2007-01-01","2007010100:00:00","2024072216:00:00"
"3009680","대전시(원촌교)","36-22-42","127-24-36","환경부","2.7","4.0","4.5","갑천","금강","1917-06-01","2001071422:00:00","2024072216:00:00"
"3009693","대전시(신구교)","36-26-14","127-23-36","환경부","3.65","5.0","6.4","갑천","금강","2013-01-01","2013010100:00:00","2024072216:00:00"
"3009698","대전시(봉산동)","36-27-05","127-23-40","환경부","3.5","6.0","7.9","갑천","금강","2009-01-01","2008111917:00:00","2024072216:00:00"
"3010620","세종시(노호리)","36-29-34","127-23-44","환경부","3.9","5.8","7.7","금강","금강","1958-01-01","1960062909:00:00","2024072216:00:00"
"3010660","세종시(명학리)","36-31-12","127-21-27","환경부","2.7","6.8","9.0","금강","금강","1917-01-01","1925080816:00:00","2024072216:00:00"
"3011613","진천군(지곡교)","36-53-04","127-22-35","환경부","1.6","2.3","3.0","","금강","2024-02-01","2024040117:00:00","2024072216:00:00"
"3011615","진천군(신정교)","36-51-18","127-27-44","환경부","1.1","1.8","2.3","백곡천","금강","2006-01-01","2005042910:00:00","2024072216:00:00"
"3011617","진천군(금곡교)","36-50-48","127-31-54","환경부","1.2","2.3","3.0","초평천","금강","2013-01-01","2013010100:00:00","2024072216:00:00"
"3011620","진천군(가산교)","36-52-35","127-28-38","환경부","2.0","3.9","4.5","미호천","금강","2008-01-01","2008010100:00:00","2024072216:00:00"
"3011623","진천군(인산리)","36-51-57","127-30-20","환경부","2.6","4.0","5.5","한천","금강","2008-01-01","2008010100:00:00","2024072216:00:00"
"3011624","진천군(오갑교)","36-50-44","127-30-12","환경부","3.2","4.8","5.8","미호천","금강","2008-01-01","2008010100:00:00","2024072216:00:00"
"3011625","증평군(반탄교)","36-47-02","127-34-20","환경부","1.8","2.5","3.5","보강천","금강","2001-12-01","2001102801:00:00","2024072216:00:00"
"3011628","진천군(화산교)","36-48-52","127-29-38","환경부","3.0","4.5","7.1","","금강","2024-02-01","2024040117:00:00","2024072216:00:00"
"3011630","청주시(여암교)","36-46-19","127-30-35","환경부","3.3","4.3","4.8","미호천","금강","2001-12-01","2001102801:00:00","2024072216:00:00"
"3011631","증평군(석곡교)","36-48-51","127-37-38","환경부","1.7","2.5","3.3","","금강","2024-02-01","2024040117:00:00","2024072216:00:00"
"3011633","청주시(복현교)","36-44-53","127-25-16","환경부","1.2","1.6","2.0","","금강","2023-04-11","2023041314:00:00","2024072216:00:00"
"3011635","청주시(팔결교)","36-42-51","127-28-32","환경부","4.0","5.0","6.0","미호천","금강","1993-06-01","1993030100:00:00","2024072216:00:00"
"3011641","청주시(노동교)","36-33-07","127-31-56","환경부","1.7","2.5","3.1","무심천","금강","2019-01-01","2019010216:00:00","2024072216:00:00"
"3011643","청주시(용평교)","36-36-42","127-29-50","환경부","1.75","3.2","4.0","무심천","금강","2012-01-01","2011082511:00:00","2024072216:00:00"
"3011645","청주시(흥덕교)","36-38-48","127-28-53","환경부","1.6","4.0","5.0","","금강","1917-06-01","1981081401:00:00","2024072216:00:00"
"3011647","천안시(연춘교)","36-46-12","127-15-15","환경부","2.2","2.6","3.3","","금강","2023-04-11","2023041314:00:00","2024072216:00:00"
"3011650","천안시(장산교)","36-44-25","127-17-49","환경부","2.5","3.5","4.5","병천천","금강","2010-01-01","2009121712:00:00","2024072216:00:00"
"3011652","청주시(서당교)","36-43-18","127-33-24","환경부","1.3","1.9","2.6","","금강","2024-02-01","2024040117:00:00","2024072216:00:00"
"3011653","청주시(성산2교)","36-43-56","127-24-21","환경부","2.1","2.6","3.2","","금강","2023-04-11","2023041314:00:00","2024072216:00:00"
"3011660","청주시(환희교)","36-40-28","127-21-42","환경부","2.1","3.4","4.4","병천천","금강","1993-06-01","1993030100:00:00","2024072216:00:00"
"3011663","청주시(향정동)","36-38-54","127-25-16","환경부","1.8","3.1","3.9","","금강","2023-04-11","2023041314:00:00","2024072216:00:00"
"3011665","청주시(미호천교)","36-37-23","127-21-02","환경부","5.0","7.0","8.0","미호천","금강","1918-07-01","1925080813:00:00","2024072216:00:00"
"3011668","세종시(송성2교)","36-39-45","127-12-54","환경부","2.2","3.0","3.8","조천","금강","2024-02-01","2024040117:00:00","2024072216:00:00"
"3011675","세종시(상조천교)","36-38-10","127-17-16","환경부","1.7","2.6","3.4","조천","금강","2003-11-01","2003122610:00:00","2024072216:00:00"
"3011685","세종시(미호교)","36-34-57","127-18-59","환경부","3.3","4.5","5.5","미호천","금강","2009-01-01","2008111916:00:00","2024072216:00:00"
"3011687","세종시(월암교)","36-34-15","127-17-18","환경부","3.3","4.5","5.5","월하천","금강","2012-01-01","2011082512:00:00","2024072216:00:00"
"3011695","세종시(월산교)","36-31-32","127-19-09","환경부","5.0","7.0","8.5","미호천","금강","1962-07-01","1964041901:00:00","2024072216:00:00"
"3012602","세종시(햇무리교)","36-29-57","127-17-57","환경부","8.1","8.5","11.0","금강","금강","2012-04-16","2012041600:00:00","2024072216:00:00"
"3012603","세종시(국곡교)","36-25-38","127-16-36","환경부","2.0","2.7","3.3","","금강","2024-02-01","2024040117:00:00","2024072216:00:00"
"3012605","세종시(금남교)","36-28-40","127-16-15","환경부","4.5","8.3","11.0","금강","금강","1993-06-01","1993030100:00:00","2024072216:00:00"
"3012607","세종시(도암교)","36-26-48","127-17-06","환경부","1.5","2.5","3.3","용수천","금강","2007-01-01","2006010100:00:00","2024072216:00:00"
"3012608","세종시(세종보하)","36-28-10","127-15-30","환경부","15.0","17.7","20.9","금강","금강","2012-06-07","2012071014:00:00","2024072216:00:00"
"3012609","세종시(산봉교)","36-28-40","127-14-22","환경부","2.7","3.3","4.4","대교천","금강","2007-01-01","2006010100:00:00","2024072216:00:00"
"3012612","공주시(마암리)","36-26-06","127-12-32","환경부","6.0","8.9","11.7","금강","금강","1962-07-01","1925080813:00:00","2024072216:00:00"
"3012620","공주시(금강교)","36-28-02","127-07-29","환경부","6.2","9.0","11.0","금강","금강","1915-04-01","1925080816:00:00","2024072216:00:00"
"3012625","공주시(오인교)","36-31-39","127-07-37","환경부","2.5","3.0","4.0","정안천","금강","2008-01-01","2008010100:00:00","2024072216:00:00"
"3012633","공주시(공주보상)","36-27-54","127-05-55","환경부","13.0","14.0","15.9","금강","금강","2010-03-30","2010033010:00:00","2024072216:00:00"
"3012634","공주시(공주보하)","36-27-39","127-05-46","환경부","8.0","12.2","14.9","금강","금강","2012-06-07","2012071014:00:00","2024072216:00:00"
"3012635","공주시(국재교)","36-28-56","127-02-35","환경부","3.4","5.0","6.0","유구천","금강","1993-06-01","1993030100:00:00","2024072216:00:00"
"3012637","공주시(장원교)","36-34-26","127-16-36","환경부","1.8","2.6","3.4","","금강","2024-02-01","2024040117:00:00","2024072216:00:00"
"3012650","청양군(신흥리)","36-23-52","127-01-22","환경부","8.0","8.4","11.0","금강","금강","1962-07-01","1925080817:00:00","2024072216:00:00"
"3012655","청양군(지천교)","36-25-43","126-47-27","환경부","1.4","2.6","3.3","지천","금강","2011-01-01","2010080211:00:00","2024072216:00:00"
"3012662","청양군(백제보상)","36-19-41","126-57-15","환경부","7.0","9.1","11.3","금강","금강","2010-03-30","2010033011:00:00","2024072216:00:00"
"3012664","부여군(백제보하)","36-18-58","126-56-08","환경부","4.7","8.4","10.8","금강","금강","2012-06-07","2012071014:00:00","2024072216:00:00"
"3012665","부여군(지천교)","36-19-34","126-51-32","환경부","3.8","5.5","6.5","지천","금강","1973-01-01","1981070219:00:00","2024072216:00:00"
"3012674","부여군(송학교)","36-13-18","126-48-05","환경부","2.9","5.0","7.0","금천","금강","2013-01-01","2013010100:00:00","2024072216:00:00"
"3012675","부여군(백제교)","36-16-33","126-53-30","환경부","4.5","7.5","9.0","금강","금강","1915-08-01","1925080819:00:00","2024072216:00:00"
"3012680","부여군(석동교)","36-14-51","126-53-03","환경부","4.7","6.0","8.0","금천","금강","1993-06-01","1993030100:00:00","2024072216:00:00"
"3012681","논산시(석성천교)","36-14-08","127-01-56","환경부","3.6","5.2","6.5","석성천","금강","2013-01-01","2013010100:00:00","2024072216:00:00"
"3012685","부여군(반조원리)","36-11-47","126-58-34","환경부","5.2","6.5","8.1","금강","금강","1962-07-01","1925080818:00:00","2024072216:00:00"
"3012690","논산시(동성교)","36-12-36","127-00-24","환경부","4.1","6.0","8.0","석성천","금강","1993-06-01","1993030100:00:00","2024072216:00:00"
"3013603","완주군(엄목1교)","36-06-15","127-15-38","환경부","1.7","2.7","3.7","장선천","금강","2021-12-28","2021122818:00:00","2024072216:00:00"
"3013605","논산시(인천교)","36-08-13","127-14-09","환경부","2.5","2.8","3.8","논산천","금강","2011-01-01","2010080212:00:00","2024072216:00:00"
"3013630","논산시(주곡교)","36-16-52","127-08-42","환경부","3.1","4.5","5.9","노성천","금강","2021-12-28","2021122818:00:00","2024072216:00:00"
"3013665","논산시(풋개다리)","36-14-01","127-07-48","환경부","3.5","4.5","5.5","노성천","금강","2003-12-01","2003122610:00:00","2024072216:00:00"
"3013668","논산시(아호교)","36-12-41","127-06-44","환경부","3.6","5.6","7.1","","금강","2023-04-11","2023041314:00:00","2024072216:00:00"
"3013670","논산시(논산대교)","36-12-35","127-04-49","환경부","3.4","6.0","7.5","논산천","금강","1993-06-01","1926072210:00:00","2024072216:00:00"
"3013685","논산시(제내교)","36-08-38","127-02-15","환경부","3.5","6.5","8.0","강경천","금강","2003-12-01","2003122610:00:00","2024072216:00:00"
"3014610","논산시(황산대교)","36-09-14","127-00-26","환경부","5.4","7.0","8.0","금강","금강","1915-04-01","1930063018:00:00","2024072216:00:00"
"3014650","부여군(입포리)","36-08-06","126-53-00","환경부","2.9","4.4","5.6","금강","금강","1919-06-01","1931080304:00:00","2024072216:00:00"
"3014670","서천군(옥포리)","36-02-10","126-46-53","환경부","4.0","4.6","5.3","금강","금강","1955-11-01","1985060601:00:00","2024072216:00:00"
"3014680","서천군(북원교)","36-04-28","126-43-51","환경부","1.7","4.4","5.5","길산천","금강","2006-01-01","2005042910:00:00","2024072216:00:00"
"3101604","예산군(은사교)","36-33-38","126-46-43","환경부","1.5","2.5","3.5","무한천","삽교천","2010-01-01","2009121714:00:00","2024072216:00:00"
"3101613","예산군(서계양교)","36-36-23","126-51-36","환경부","2.1","2.7","3.7","신양천","삽교천","2010-01-01","2009121714:00:00","2024072216:00:00"
"3101625","예산군(예산대교)","36-41-03","126-49-15","환경부","2.0","4.0","5.0","무한천","삽교천","1929-01-01","1936081115:00:00","2024072216:00:00"
"3101627","청양군(강정교)","36-31-12","126-46-10","환경부","2.1","2.9","3.6","","삽교천","2024-02-01","2024040117:00:00","2024072216:00:00"
"3101630","예산군(신례원교)","36-43-59","126-49-48","환경부","3.8","4.6","5.7","무한천","삽교천","1962-07-01","1930071210:00:00","2024072216:00:00"
"3101635","홍성군(삽교천교)","36-35-33","126-41-08","환경부","2.7","3.2","4.0","삽교천","삽교천","1962-07-01","1971072603:00:00","2024072216:00:00"
"3101638","예산군(신리교)","36-41-17","126-40-15","환경부","1.3","2.0","2.5","덕산천","삽교천","2010-01-01","2009121714:00:00","2024072216:00:00"
"3101639","예산군(산정교)","36-38-16","126-52-46","환경부","2.3","2.7","3.3","","삽교천","2024-02-01","2024040117:00:00","2024072216:00:00"
"3101640","예산군(충의대교)","36-41-12","126-43-50","환경부","3.5","5.0","6.0","삽교천","삽교천","1945-01-01","1935072108:00:00","2024072216:00:00"
"3101645","예산군(구만교)","36-44-10","126-45-16","환경부","3.3","5.5","7.0","삽교천","삽교천","1962-07-01","1930071211:00:00","2024072216:00:00"
"3101650","당진시(구양교)","36-46-27","126-48-54","환경부","3.5","5.3","6.4","삽교천","삽교천","2006-01-01","2005042910:00:00","2024072216:00:00"
"3101652","예산군(죽천1교)","36-35-53","126-51-35","환경부","2.0","2.7","3.5","","삽교천","2024-02-01","2024040117:00:00","2024072216:00:00"
"3101655","천안시(신흥교)","36-42-10","127-06-50","환경부","2.5","3.3","3.9","풍서천","삽교천","2004-12-01","2004102512:00:00","2024072216:00:00"
"3101660","천안시(가송교)","36-44-06","127-08-37","환경부","1.6","2.3","2.8","곡교천","삽교천","2004-12-01","2004102512:00:00","2024072216:00:00"
"3101667","천안시(눈들교)","36-47-23","126-51-36","환경부","2.5","3.2","3.8","","삽교천","2023-04-11","2023041314:00:00","2024072216:00:00"
"3101670","아산시(휴대교)","36-46-51","127-06-49","환경부","2.7","3.7","4.7","천안천","삽교천","2004-12-01","2004102512:00:00","2024072216:00:00"
"3101672","아산시(덕지리)","36-49-51","127-05-02","환경부","1.8","3.1","3.9","율지천","삽교천","2016-01-01","2015123010:00:00","2024072216:00:00"
"3101673","아산시(새터교)","36-48-29","127-04-58","환경부","2.0","3.0","3.9","매곡천","삽교천","2007-01-01","2006010100:00:00","2024072216:00:00"
"3101675","아산시(한내다리)","36-47-25","127-03-14","환경부","4.1","4.5","5.5","곡교천","삽교천","2003-11-01","2003122613:00:00","2024072216:00:00"
"3101683","아산시(온천교)","36-46-29","127-01-56","환경부","2.4","3.3","4.2","온양천","삽교천","2007-01-01","2006010100:00:00","2024072216:00:00"
"3101685","아산시(충무교)","36-47-52","127-00-30","환경부","3.1","4.0","5.0","곡교천","삽교천","2007-01-01","2006010100:00:00","2024072216:00:00"
"3101690","아산시(강청교)","36-49-18","126-56-01","환경부","3.5","3.9","5.0","곡교천","삽교천","1962-07-01","1930071205:00:00","2024072216:00:00"
"3101693","당진시(신촌리)","36-50-52","126-49-39","환경부","4.3","4.8","5.7","삽교천","삽교천","2007-01-01","2006010100:00:00","2024072216:00:00"
"3101696","당진시(북창교)","36-51-08","126-45-41","환경부","3.5","4.5","5.5","남원천","삽교천","2021-12-28","2021122818:00:00","2024072216:00:00"
"3201690","당진시(채운교)","36-54-18","126-36-52","환경부","4.3","4.5","6.0","역천","금강서해","2011-01-01","2010080317:00:00","2024072216:00:00"
"3203620","보령시(동대교)","36-20-48","126-35-55","환경부","1.8","3.1","3.8","대천천","금강서해","2010-01-01","2009121714:00:00","2024072216:00:00"
"3203652","보령시(노천교)","36-13-52","126-35-38","환경부","1.7","3.8","4.8","웅천천","금강서해","2010-01-01","2009121715:00:00","2024072216:00:00"
"3301625","완주군(오성교)","35-58-24","127-12-54","환경부","1.6","2.3","3.0","만경강","만경ㆍ동진","2004-01-01","2003082000:00:00","2024072216:00:00"
"3301630","완주군(용봉교)","35-56-31","127-10-15","환경부","1.2","3.0","4.0","만경강","만경ㆍ동진","2000-01-01","2000010100:00:00","2024072216:00:00"
"3301635","완주군(소양용연교)","35-51-40","127-14-33","환경부","1.0","2.4","3.1","소양천","만경ㆍ동진","2008-01-01","2008013106:00:00","2024072216:00:00"
"3301640","완주군(제2소양교)","35-52-41","127-09-19","환경부","2.7","4.0","4.8","소양천","만경ㆍ동진","2000-01-01","2000010100:00:00","2024072216:00:00"
"3301645","완주군(하리교)","35-53-50","127-05-56","환경부","4.7","5.6","6.4","만경강","만경ㆍ동진","2000-01-01","2000010100:00:00","2024072216:00:00"
"3301654","전주시(세내교)","35-47-33","127-06-44","환경부","3.1","4.0","5.0","삼천","만경ㆍ동진","2018-12-16","2018122715:00:00","2024072216:00:00"
"3301655","전주시(서곡교)","35-50-11","127-06-20","환경부","2.1","3.0","3.9","삼천","만경ㆍ동진","2006-03-03","2006030311:00:00","2024072216:00:00"
"3301657","전주시(서천교)","35-48-44","127-08-29","환경부","2.3","4.0","5.0","전주천","만경ㆍ동진","2016-12-29","2016123011:00:00","2024072216:00:00"
"3301662","전주시(은석교)","35-47-49","127-11-39","환경부","1.8","2.7","3.4","전주천","만경ㆍ동진","2012-01-01","2011122610:00:00","2024072216:00:00"
"3301665","전주시(미산교)","35-52-46","127-05-51","환경부","1.8","3.5","4.5","전주천","만경ㆍ동진","2000-01-01","2000010100:00:00","2024072216:00:00"
"3301670","완주군(삼례교)","35-53-54","127-04-16","환경부","4.0","6.0","7.0","만경강","만경ㆍ동진","1917-05-01","1920070808:00:00","2024072216:00:00"
"3301675","익산시(인수교)","35-55-23","127-02-04","환경부","2.9","4.4","5.8","익산천","만경ㆍ동진","2004-10-04","2006030311:00:00","2024072216:00:00"
"3301685","익산시(만경교)","35-54-49","126-55-55","환경부","5.9","6.0","7.7","만경강","만경ㆍ동진","2000-01-01","2000010100:00:00","2024072216:00:00"
"3302615","정읍시(행정교)","35-36-57","126-58-42","환경부","1.1","2.3","3.1","동진강","만경ㆍ동진","2007-01-01","2007013010:00:00","2024072216:00:00"
"3302620","정읍시(거산교)","35-38-55","126-55-38","환경부","4.4","5.5","6.5","동진강","만경ㆍ동진","2002-01-01","2002011700:00:00","2024072216:00:00"
"3302630","정읍시(정우교)","35-40-37","126-53-21","환경부","4.5","5.5","6.5","동진강","만경ㆍ동진","1929-01-01","1956062210:00:00","2024072216:00:00"
"3302643","정읍시(상동교)","35-33-17","126-52-09","환경부","1.6","2.9","3.6","정읍천","만경ㆍ동진","2007-01-01","2007011517:00:00","2024072216:00:00"
"3302645","정읍시(죽림교)","35-34-04","126-50-37","환경부","2.0","3.2","4.0","정읍천","만경ㆍ동진","2007-01-01","2007013010:00:00","2024072216:00:00"
"3302653","정읍시(정읍교)","35-35-10","126-49-45","환경부","2.1","3.8","4.7","정읍천","만경ㆍ동진","2008-01-01","2008013106:00:00","2024072216:00:00"
"3302654","정읍시(망담교)","35-37-43","126-52-17","환경부","1.4","2.3","3.1","한교천","만경ㆍ동진","2023-01-01","2022122914:00:00","2024072216:00:00"
"3302658","정읍시(초강리)","35-38-40","126-51-46","환경부","3.5","5.5","6.5","정읍천","만경ㆍ동진","2011-01-01","2011031014:00:00","2024072216:00:00"
"3302660","정읍시(양전교)","35-44-50","126-54-27","환경부","2.9","4.1","5.3","원평천","만경ㆍ동진","2011-01-01","2010120916:00:00","2024072216:00:00"
"3302665","김제시(군포교)","35-43-04","126-49-03","환경부","4.7","5.0","5.9","동진강","만경ㆍ동진","2000-06-01","2000052200:00:00","2024072216:00:00"
"3302680","김제시(용동교)","35-47-20","126-54-20","환경부","1.5","3.5","4.6","두월천","만경ㆍ동진","2015-01-01","2015010100:00:00","2024072216:00:00"
"4001610","진안군(좌포교)","35-44-12","127-19-06","환경부","2.0","4.0","4.7","섬진강","섬진강","2009-01-01","2008122910:00:00","2024072216:00:00"
"4002620","임실군(강동교)","35-31-40","127-09-37","환경부","2.7","3.0","3.7","갈담천","섬진강","2023-01-01","2022122914:00:00","2024072216:00:00"
"4002640","임실군(일중리)","35-29-47","127-08-60","환경부","2.2","4.5","5.5","섬진강","섬진강","1962-06-01","1963061918:00:00","2024072216:00:00"
"4002690","순창군(평남리)","35-25-25","127-12-57","환경부","3.1","5.0","6.3","섬진강","섬진강","1970-10-01","1973080306:00:00","2024072216:00:00"
"4003650","임실군(신기교)","35-30-28","127-19-29","환경부","2.2","3.5","4.5","오수천","섬진강","2012-01-01","2011122610:00:00","2024072216:00:00"
"4003690","순창군(현포리)","35-26-22","127-14-43","환경부","2.9","4.0","5.1","오수천","섬진강","1970-01-01","1973080209:00:00","2024072216:00:00"
"4004615","순창군(유적교)","35-23-34","127-12-33","환경부","3.0","6.4","7.3","섬진강","섬진강","1917-03-01","1919090320:00:00","2024072216:00:00"
"4004630","순창군(옥천교)","35-22-29","127-08-00","환경부","2.4","3.1","4.1","경천","섬진강","1986-12-26","1989010101:00:00","2024072216:00:00"
"4004640","순창군(유풍교)","35-21-33","127-11-04","환경부","2.1","4.6","5.9","경천","섬진강","2010-01-01","2009112909:00:00","2024072216:00:00"
"4004650","곡성군(합강교)","35-19-19","127-10-50","환경부","2.1","4.4","5.7","옥과천","섬진강","2009-01-01","2008122910:00:00","2024072216:00:00"
"4004660","남원시(신덕리)","35-19-53","127-12-59","환경부","3.7","6.8","8.4","섬진강","섬진강","1962-07-01","1963061917:00:00","2024072216:00:00"
"4004680","곡성군(용두교)","35-16-17","127-08-07","환경부","2.4","2.9","3.4","옥과천","섬진강","2023-01-01","2022122914:00:00","2024072216:00:00"
"4004690","곡성군(금곡교)","35-18-41","127-17-45","환경부","3.5","6.5","7.4","섬진강","섬진강","1997-03-01","1997031300:00:00","2024072216:00:00"
"4005645","남원시(월석교)","35-29-52","127-30-52","환경부","2.3","4.0","5.0","요천","섬진강","2010-01-01","2009112909:00:00","2024072216:00:00"
"4005660","남원시(요천교)","35-27-19","127-26-10","환경부","2.2","2.7","3.5","요천","섬진강","1973-01-01","1973080305:00:00","2024072216:00:00"
"4005670","남원시(동림교)","35-24-31","127-23-29","환경부","2.5","4.3","5.3","요천","섬진강","1990-03-12","1990070313:00:00","2024072216:00:00"
"4005690","남원시(요천대교)","35-19-08","127-18-41","환경부","3.7","4.7","5.6","요천","섬진강","2001-09-06","2001090500:00:00","2024072216:00:00"
"4006667","곡성군(충의교)","35-16-41","127-17-52","환경부","1.3","2.3","3.2","곡성천","섬진강","2023-01-01","2022122914:00:00","2024072216:00:00"
"4006680","곡성군(예성교)","35-11-55","127-22-27","환경부","3.8","9.6","12.4","섬진강","섬진강","1917-03-01","1919090116:00:00","2024072216:00:00"
"4007661","화순군(만수교)","35-04-42","127-06-10","환경부","2.1","3.8","4.9","동복천","섬진강","2022-01-01","2021122900:00:00","2024072216:00:00"
"4008670","곡성군(태안교)","35-09-37","127-20-48","환경부","4.5","5.5","7.0","보성강","섬진강","1996-03-01","1997031300:00:00","2024072216:00:00"
"4009608","순천시(용서교)","35-08-58","127-27-48","환경부","2.7","5.0","6.0","황전천","섬진강","2011-01-01","2010120916:00:00","2024072216:00:00"
"4009610","구례군(구례교)","35-09-56","127-27-15","환경부","4.4","7.0","8.0","섬진강","섬진강","1961-08-01","1963061917:00:00","2024072216:00:00"
"4009618","구례군(문척교)","35-11-47","127-28-28","환경부","4.4","5.7","8.1","섬진강","섬진강","2023-01-01","2022122914:00:00","2024072216:00:00"
"4009622","구례군(광용교)","35-15-29","127-26-29","환경부","1.5","3.2","4.0","서시천","섬진강","2022-01-01","2021122900:00:00","2024072216:00:00"
"4009630","구례군(송정리)","35-11-32","127-33-31","환경부","9.0","14.5","17.0","섬진강","섬진강","1917-03-01","1919090112:00:00","2024072216:00:00"
"4009638","하동군(가탄교)","35-12-01","127-37-58","환경부","2.0","3.8","4.9","화개천","섬진강","2020-01-09","2020010913:00:00","2024072216:00:00"
"4009640","광양시(남도대교)","35-10-51","127-37-34","환경부","7.3","9.0","11.6","섬진강","섬진강","2005-01-21","2002061810:00:00","2024072216:00:00"
"4009665","하동군(읍내리)","35-03-60","127-44-25","환경부","10.0","12.0","13.0","섬진강","섬진강","1919-02-01","1920070316:00:00","2024072216:00:00"
"4009670","하동군(대석교)","35-03-33","127-47-01","환경부","2.2","4.0","5.0","횡천강","섬진강","2010-01-01","2009112909:00:00","2024072216:00:00"
"4104665","순천시(노디목교)","34-56-26","127-27-12","환경부","1.3","2.3","3.0","이사천","섬진강남해","1973-01-01","1979082507:00:00","2024072216:00:00"
"4104680","순천시(동천교)","34-55-49","127-30-10","환경부","2.4","3.3","4.1","순천동천","섬진강남해","2009-01-01","2008122911:00:00","2024072216:00:00"
"4104685","순천시(연동교)","34-55-00","127-29-15","환경부","2.3","3.2","3.8","이사천","섬진강남해","1953-08-01","1954072113:00:00","2024072216:00:00"
"4105630","광양시(서산교)","34-58-04","127-34-48","환경부","1.7","2.8","3.8","광양서천","섬진강남해","2014-01-01","2014010718:00:00","2024072216:00:00"
"4105640","광양시(용강교)","34-58-29","127-36-07","환경부","1.8","2.7","3.4","광양동천","섬진강남해","2017-12-12","2018010101:00:00","2024072216:00:00"
"5001615","담양군(금월교)","35-19-58","127-01-00","환경부","1.9","2.1","2.8","영산강","영산강","2003-08-20","2003082000:00:00","2024072216:00:00"
"5001625","담양군(삼지교)","35-16-14","126-56-09","환경부","1.3","3.3","4.3","영산강","영산강","2003-08-20","2003082000:00:00","2024072216:00:00"
"5001627","담양군(양지교)","35-15-22","126-56-37","환경부","2.2","4.0","5.0","증암천","영산강","2013-01-01","2012100500:00:00","2024072216:00:00"
"5001640","광주광역시(용산교)","35-14-26","126-53-19","환경부","1.8","2.6","3.6","영산강","영산강","1992-04-01","1991071617:00:00","2024072216:00:00"
"5001645","광주광역시(첨단대교)","35-13-03","126-51-25","환경부","2.2","4.0","5.2","영산강","영산강","2016-01-01","2016010100:00:00","2024072216:00:00"
"5001650","광주광역시(유촌교)","35-10-01","126-51-24","환경부","3.3","4.0","5.0","","영산강","2000-06-01","2002011620:00:00","2024072216:00:00"
"5001655","광주광역시(풍영정천2교)","35-10-18","126-48-53","환경부","2.7","4.4","5.3","풍영정천","영산강","2008-01-01","2008010100:00:00","2024072216:00:00"
"5001660","광주광역시(어등대교)","35-09-36","126-49-23","환경부","3.7","4.7","5.9","영산강","영산강","2006-01-01","2006012512:00:00","2024072216:00:00"
"5001670","광주광역시(설월교)","35-07-46","126-55-39","환경부","1.9","2.8","3.5","광주천","영산강","2004-10-01","2004092316:00:00","2024072216:00:00"
"5001673","광주광역시(천교)","35-09-04","126-54-26","환경부","1.5","2.6","3.5","광주천","영산강","2012-01-01","2011122610:00:00","2024072216:00:00"
"5001680","광주광역시(극락교)","35-08-09","126-49-33","환경부","4.7","7.5","8.5","영산강","영산강","1916-01-01","1917062915:00:00","2024072216:00:00"
"5002643","장성군(금계리)","35-19-10","126-46-34","환경부","1.3","3.0","4.0","개천","영산강","2012-01-01","2011122610:00:00","2024072216:00:00"
"5002650","장성군(제2황룡교)","35-17-27","126-46-12","환경부","2.9","3.5","4.5","황룡강","영산강","1962-06-01","1963063006:00:00","2024072216:00:00"
"5002660","광주광역시(용진교)","35-12-55","126-44-48","환경부","2.9","4.3","5.3","황룡강","영산강","2006-03-03","2006030311:00:00","2024072216:00:00"
"5002677","광주광역시(평림교)","35-09-55","126-41-24","환경부","2.3","3.5","4.2","평림천","영산강","2009-01-01","2008120413:00:00","2024072216:00:00"
"5002690","광주광역시(장록교)","35-08-03","126-47-06","환경부","3.5","6.0","7.0","황룡강","영산강","1915-01-01","1916061411:00:00","2024072216:00:00"
"5003605","화순군(용두교)","34-56-25","126-58-58","환경부","2.2","2.7","3.5","지석천","영산강","2002-01-01","2001062200:00:00","2024072216:00:00"
"5003610","화순군(능주교)","34-59-49","126-57-37","환경부","2.5","2.9","3.4","지석천","영산강","2002-01-01","2001062200:00:00","2024072216:00:00"
"5003615","화순군(주도교)","35-01-58","126-56-51","환경부","1.5","3.0","3.8","화순천","영산강","2002-01-01","2001062200:00:00","2024072216:00:00"
"5003620","화순군(신성교)","35-00-13","126-53-46","환경부","2.9","4.3","5.7","지석천","영산강","1962-07-01","1974052001:00:00","2024072216:00:00"
"5003650","나주시(우산교)","34-59-00","126-52-57","환경부","1.8","2.8","3.5","대초천","영산강","2002-01-01","2001062200:00:00","2024072216:00:00"
"5003680","나주시(남평교)","35-02-58","126-50-43","환경부","3.5","5.0","6.0","지석천","영산강","1918-04-01","1921071102:00:00","2024072216:00:00"
"5004620","광주광역시(승용교)","35-04-16","126-46-20","환경부","4.3","5.9","7.3","영산강","영산강","1916-01-01","1921071714:00:00","2024072216:00:00"
"5004650","나주시(나주대교)","35-02-14","126-43-56","환경부","7.5","11.0","12.0","영산강","영산강","1915-09-01","1963061908:00:00","2024072216:00:00"
"5004655","나주시(동곡리)","34-58-03","126-42-58","환경부","2.8","4.0","5.0","만봉천","영산강","2014-01-01","2014010718:00:00","2024072216:00:00"
"5004670","나주시(영산교)","34-59-56","126-42-17","환경부","8.3","11.5","13.3","영산강","영산강","1915-09-01","1917062918:00:00","2024072216:00:00"
"5004698","죽산보(하류)","34-58-10","126-37-24","환경부","2.7","4.4","6.3","영산강","영산강","2012-05-24","2012052410:00:00","2024072216:00:00"
"5005650","함평군(나산교)","35-06-42","126-36-43","환경부","2.5","3.5","4.4","고막원천","영산강","2004-12-10","2004121512:00:00","2024072216:00:00"
"5005680","함평군(원고막교)","35-02-07","126-35-28","환경부","3.2","5.0","6.0","고막원천","영산강","1992-04-01","1991070100:00:00","2024072216:00:00"
"5006610","함평군(동강교)","34-59-03","126-32-44","환경부","8.7","9.9","11.3","영산강","영산강","1962-01-01","1923062115:00:00","2024072216:00:00"
"5006620","함평군(영수교)","35-03-58","126-31-22","환경부","2.5","3.4","4.4","함평천","영산강","2004-01-01","2003122200:00:00","2024072216:00:00"
"5006630","함평군(학야교)","35-01-07","126-31-42","환경부","3.4","4.8","5.9","함평천","영산강","1992-04-01","1991070100:00:00","2024072216:00:00"
"5006670","무안군(몽탄대교)","34-54-15","126-31-18","환경부","7.9","8.0","8.9","영산강","영산강","1992-04-01","1991070100:00:00","2024072216:00:00"
"5101650","장흥군(별천교)","34-43-53","126-54-22","환경부","3.6","3.8","4.6","탐진강","탐진강","2000-06-01","2000052200:00:00","2024072216:00:00"
"5101670","장흥군(예양교)","34-40-29","126-54-11","환경부","2.5","3.5","4.5","탐진강","탐진강","1973-01-01","1976060720:00:00","2024072216:00:00"
"5101675","장흥군(감천교)","34-39-44","126-53-12","환경부","2.3","4.0","5.0","금강천","탐진강","2000-06-01","2000052200:00:00","2024072216:00:00"
"5101690","강진군(석교교)","34-38-11","126-48-58","환경부","4.7","5.4","6.8","탐진강","탐진강","2000-06-01","2000052200:00:00","2024072216:00:00"
"5301660","고창군(부정교)","35-28-21","126-37-24","환경부","1.8","4.0","4.8","주진천","영산강서해","2014-01-01","2014010718:00:00","2024072216:00:00"
"5302660","영광군(외간교)","35-14-56","126-27-58","환경부","4.0","4.4","5.6","불갑천","영산강서해","2022-01-01","2021122900:00:00","2024072216:00:00"
"6001650","제주시(개롱이교)","33-26-12","126-18-03","환경부","2.4","3.5","4.5","금성천","제주도","2023-01-01","2022122914:00:00","2024072216:00:00"
"6002670","제주시(제2동산교)","33-29-45","126-30-43","환경부","2.6","3.8","4.9","한천","제주도","2023-01-01","2022122914:00:00","2024072216:00:00"
"6003620","서귀포시(개끄리민교)","33-14-38","126-20-31","환경부","2.4","3.7","4.9","창고천","제주도","2023-01-01","2022122914:00:00","2024072216:00:00"
"6004670","서귀포시(평화교)","33-20-33","126-50-48","환경부","1.7","2.6","3.5","천미천","제주도","2023-01-01","2022122914:00:00","2024072216:00:00"
