"obs_id","river","rel_river","opened_at","first_at","last_at"
"1001602","오대천","한강","2015-12-30","2015123010:00:00","2024072216:00:00"
"1001620","임계천","한강","1962-07-01","1972081902:00:00","2024072216:00:00"
"1001622","골지천","한강","2010-11-11","2010122112:00:00","2024072216:00:00"
"1001625","송천","한강","2007-07-18","2007051416:00:00","2024072216:00:00"
"1001626","골지천","한강","2015-12-30","2015123010:00:00","2024072216:00:00"
"1001629","골지천","한강","2015-12-30","2015123010:00:00","2024072216:00:00"
"1001630","오대천","한강","2007-07-18","2007051416:00:00","2024072216:00:00"
"1001645","어천","한강","2014-12-29","2014122912:00:00","2024072216:00:00"
"1001649","어천","한강","2007-12-09","2008020411:00:00","2024072216:00:00"
"1001655","한강","한강","1918-01-01","1970070515:00:00","2024072216:00:00"
"1001658","한강","한강","2013-12-31","2013122711:00:00","2024072216:00:00"
"1001660","지장천","한강","2009-10-27","2009102700:00:00","2024072216:00:00"
"1001670","한강","한강","1962-12-01","1972081908:00:00","2024072216:00:00"
"1001690","한강","한강","1917-06-01","1917090418:00:00","2024072216:00:00"
"1002605","속사천","한강","1982-04-01","1983060108:00:00","2024072216:00:00"
"1002610","속사천","한강","1982-04-01","1983060201:00:00","2024072216:00:00"
"1002615","흥정천","한강","1982-04-01","1983061006:00:00","2024072216:00:00"
"1002625","평창강","한강","1982-04-01","1983060801:00:00","2024072216:00:00"
"1002635","대화천","한강","1982-04-01","1983060708:00:00","2024072216:00:00"
"1002640","평창강","한강","1982-04-01","1983060807:00:00","2024072216:00:00"
"1002650","NULL","한강","1958-01-01","1958090509:00:00","2024072216:00:00"
"1002675","주천강","한강","2006-10-23","2006120219:00:00","2024072216:00:00"
"1002680","주천강","한강","2013-12-31","2013122711:00:00","2024072216:00:00"
"1002685","주천강","한강","1962-07-01","1965071008:00:00","2024072216:00:00"
"1002687","주천강","한강","2007-07-18","2007051416:00:00","2024072216:00:00"
"1002698","평창강","한강","2007-07-18","2007033013:00:00","2024072216:00:00"
"1003605","옥동천","한강","2016-11-07","2016110901:00:00","2024072216:00:00"
"1003620","옥동천","한강","2000-03-01","2002072208:00:00","2024072216:00:00"
"1003636","NULL","한강","2016-11-07","2016110901:00:00","2024072216:00:00"
"1003642","한강","한강","2010-11-11","2010122112:00:00","2024072216:00:00"
"1003645","죽령천","한강","2016-11-07","2009102700:00:00","2024072216:00:00"
"1003657","장평천","한강","2022-04-01","2022040101:00:00","2024072216:00:00"
"1003658","원서천","한강","2016-11-07","2016110901:00:00","2024072216:00:00"
"1003660","제천천","한강","2014-12-29","2014122912:00:00","2024072216:00:00"
"1003661","제천천","한강","2015-12-30","2015123010:00:00","2024072216:00:00"
"1004620","달천","한강","2014-12-29","2014122912:00:00","2024072216:00:00"
"1004645","달천","한강","1998-01-01","1999060101:00:00","2024072216:00:00"
"1004646","쌍천","한강","2011-12-14","2011121417:00:00","2024072216:00:00"
"1004661","동진천","한강","2022-04-01","2022040101:00:00","2024072216:00:00"
"1004670","음성천","한강","2013-12-31","2013122711:00:00","2024072216:00:00"
"1004680","석문동천","한강","2014-12-29","2014122912:00:00","2024072216:00:00"
"1004693","달천","한강","2011-12-14","2011121416:00:00","2024072216:00:00"
"1004695","요도천","한강","2013-12-31","2013122711:00:00","2024072216:00:00"
"1005605","달천","한강","2006-10-23","2006120100:00:00","2024072216:00:00"
"1005640","한강","한강","1917-01-01","1917070403:00:00","2024072216:00:00"
"1005695","법천천","한강","2006-10-23","2006120100:00:00","2024072216:00:00"
"1005697","한강","한강","2010-11-11","2010122112:00:00","2024072216:00:00"
"1006630","금계천","한강","2014-12-29","2014122912:00:00","2024072216:00:00"
"1006650","섬강","한강","1962-07-01","1972081823:00:00","2024072216:00:00"
"1006660","전천","한강","2006-10-23","2006120219:00:00","2024072216:00:00"
"1006665","NULL","한강","1962-07-01","1976081315:00:00","2024072216:00:00"
"1006666","NULL","한강","2024-01-16","2024011611:00:00","2024072216:00:00"
"1006670","섬강","한강","2012-10-15","2012092118:00:00","2024072216:00:00"
"1006672","섬강","한강","2007-07-18","2007051416:00:00","2024072216:00:00"
"1006680","섬강","한강","1962-07-01","1964041910:00:00","2024072216:00:00"
"1006690","섬강","한강","1980-06-01","1983072004:00:00","2024072216:00:00"
"1007604","청미천","한강","2016-11-07","2016110901:00:00","2024072216:00:00"
"1007605","청미천","한강","2006-10-23","2006120100:00:00","2024072216:00:00"
"1007610","응천","한강","2007-12-08","2008012317:00:00","2024072216:00:00"
"1007615","청미천","한강","1985-01-01","1984070301:00:00","2024072216:00:00"
"1007617","청미천","한강","2007-12-07","2008012317:00:00","2024072216:00:00"
"1007620","한강","한강","1996-09-01","1994121413:00:00","2024072216:00:00"
"1007625","한강","한강","2001-04-19","2000101700:00:00","2024072216:00:00"
"1007633","한강","한강","2011-12-01","2011120100:00:00","2024072216:00:00"
"1007635","한강","한강","1913-03-01","1917070413:00:00","2024072216:00:00"
"1007639","한강","한강","2012-02-22","2012022211:00:00","2024072216:00:00"
"1007640","양화천","한강","2006-10-23","2006120100:00:00","2024072216:00:00"
"1007642","복하천","한강","2022-04-01","2022040101:00:00","2024072216:00:00"
"1007645","복하천","한강","1988-04-01","1989092001:00:00","2024072216:00:00"
"1007650","복하천","한강","2001-04-20","2000101700:00:00","2024072216:00:00"
"1007655","곡수천","한강","2006-10-23","2006120100:00:00","2024072216:00:00"
"1007660","한강","한강","2001-05-29","2000101700:00:00","2017071910:00:00"
"1007662","한강","한강","2012-04-04","2013100114:00:00","2024072216:00:00"
"1007680","흑천","한강","1988-04-01","1989031501:00:00","2024072216:00:00"
"1007685","한강","한강","1953-11-01","1959070614:00:00","2024072216:00:00"
"1007690","흑천","한강","2013-12-31","2013122711:00:00","2024072216:00:00"
"1007697","한강","한강","2016-11-07","2016110901:00:00","2024072216:00:00"
"1010633","양구서천","한강","2022-04-01","2022040101:00:00","2024072216:00:00"
"1010674","화천천","한강","2024-01-16","2024011611:00:00","2024072216:00:00"
"1010695","북한강","한강","1962-07-01","1963071307:00:00","2024072216:00:00"
"1011620","인북천","한강","2014-12-29","2014122912:00:00","2024072216:00:00"
"1011695","인북천","한강","2016-11-07","2016110901:00:00","2024072216:00:00"
"1012630","내린천","한강","2007-07-18","2007051416:00:00","2024072216:00:00"
"1012635","방내천","한강","2016-11-07","2016110901:00:00","2024072216:00:00"
"1012640","방태천","한강","2012-10-15","2012092118:00:00","2024072216:00:00"
"1012645","소양강","한강","2016-11-07","2016110901:00:00","2024072216:00:00"
"1012685","소양강","한강","1962-07-01","1999022711:00:00","2024072216:00:00"
"1013637","북한강","한강","1914-10-01","1925071014:00:00","2024072216:00:00"
"1013645","북한강","한강","1992-09-01","1992060101:00:00","2024072216:00:00"
"1013650","가평천","한강","2024-01-16","2024011611:00:00","2024072216:00:00"
"1013655","가평천","한강","1915-01-01","1923072912:00:00","2024072216:00:00"
"1014620","내촌천","한강","2009-10-27","2009102700:00:00","2024072216:00:00"
"1014630","홍천강","한강","1989-01-01","1989031401:00:00","2024072216:00:00"
"1014640","홍천강","한강","2007-07-18","2007051416:00:00","2024072216:00:00"
"1014645","덕치천","한강","2024-01-16","2024011611:00:00","2024072216:00:00"
"1014650","NULL","한강","1962-07-01","1965072107:00:00","2024072216:00:00"
"1014665","홍천강","한강","2015-12-29","2015123010:00:00","2024072216:00:00"
"1014680","홍천강","한강","1982-05-05","1982060101:00:00","2024072216:00:00"
"1015620","조종천","한강","2023-01-27","2023012716:00:00","2024072216:00:00"
"1015644","조종천","한강","2006-10-23","2006120100:00:00","2024072216:00:00"
"1015645","북한강","한강","1914-01-01","1917090312:00:00","2024072216:00:00"
"1015655","구운천","한강","2024-01-16","2024011611:00:00","2024072216:00:00"
"1015680","북한강","한강","2013-01-03","2013010312:00:00","2024072216:00:00"
"1016607","한강","한강","2012-10-15","2012092118:00:00","2024072216:00:00"
"1016650","경안천","한강","1985-01-01","1984090814:00:00","2024072216:00:00"
"1016660","곤지암천","한강","2000-03-01","2002062508:00:00","2024072216:00:00"
"1016670","경안천","한강","2013-12-31","2013122711:00:00","2024072216:00:00"
"1016695","경안천","한강","2006-10-23","2006120219:00:00","2024072216:00:00"
"1018610","한강","한강","1995-08-01","1994121413:00:00","2024072216:00:00"
"1018620","왕숙천","한강","2002-10-16","2002101700:00:00","2024072216:00:00"
"1018623","진건천","한강","2002-10-16","2002101700:00:00","2024072216:00:00"
"1018625","왕숙천","한강","2002-10-16","2002101700:00:00","2024072216:00:00"
"1018630","왕숙천","한강","1984-04-01","1984070301:00:00","2024072216:00:00"
"1018635","용암천","한강","2002-10-16","2002101700:00:00","2024072216:00:00"
"1018638","왕숙천","한강","2016-11-07","2016110901:00:00","2024072216:00:00"
"1018640","한강","한강","1962-02-01","1963071710:00:00","2024072216:00:00"
"1018650","탄천","한강","2002-10-16","2002101700:00:00","2024072216:00:00"
"1018655","탄천","한강","1984-04-01","1984070301:00:00","2024072216:00:00"
"1018658","양재천","한강","2015-12-30","2015123010:00:00","2024072216:00:00"
"1018662","한강","한강","2000-03-01","2000101700:00:00","2024072216:00:00"
"1018665","중랑천","한강","2002-10-16","2002101700:00:00","2024072216:00:00"
"1018669","중랑천","한강","2015-12-30","2015123010:00:00","2024072216:00:00"
"1018670","우이천","한강","2002-10-16","2002101700:00:00","2024072216:00:00"
"1018675","중랑천","한강","1990-11-01","1991050217:00:00","2024072216:00:00"
"1018680","한강","한강","1984-06-23","1984070301:00:00","2024072216:00:00"
"1018683","한강","한강","1918-08-01","1918081606:00:00","2024072216:00:00"
"1018690","안양천","한강","1984-04-01","1984070308:00:00","2024072216:00:00"
"1018692","도림천","한강","2023-06-29","2023062917:00:00","2024072216:00:00"
"1018693","안양천","한강","2002-10-16","2002101700:00:00","2024072216:00:00"
"1018695","NULL","한강","2002-10-16","2002101700:00:00","2024072216:00:00"
"1018697","안양천","한강","2002-10-16","2002020108:00:00","2024072216:00:00"
"1018698","도림천","한강","2023-04-01","2023040101:00:00","2024072216:00:00"
"1019620","굴포천","한강","2013-12-31","2013122711:00:00","2024072216:00:00"
"1019630","한강","한강","1916-08-01","1917090319:00:00","2024072216:00:00"
"1019667","곡릉천","한강","2022-04-01","2022040101:00:00","2024072216:00:00"
"1019675","한강","한강","1956-01-01","1965071607:00:00","2024072216:00:00"
"1019680","곡릉천","한강","2015-12-30","2015123010:00:00","2024072216:00:00"
"1021630","NULL","한강","2021-06-30","2021063000:00:00","2024072216:00:00"
"1021680","임진강","한강","1989-06-01","1999030504:00:00","2024072216:00:00"
"1022626","김화 남대천","한강","2011-12-14","2011121416:00:00","2024072216:00:00"
"1022630","한탄강","한강","2001-10-06","2001070916:00:00","2023032011:00:00"
"1022635","한탄강","한강","2015-12-29","2015123010:00:00","2024072216:00:00"
"1022640","한탄강","한강","1996-06-01","1999030504:00:00","2024072216:00:00"
"1022647","포천천","한강","2023-01-27","2023012716:00:00","2024072216:00:00"
"1022648","포천천","한강","2008-11-03","2008103100:00:00","2024072216:00:00"
"1022650","영평천","한강","1996-06-01","1999030504:00:00","2024072216:00:00"
"1022655","영평천","한강","2006-07-01","2006120100:00:00","2024072216:00:00"
"1022662","차탄천","한강","2016-11-07","2016110901:00:00","2024072216:00:00"
"1022668","신천","한강","2016-11-07","2016110901:00:00","2024072216:00:00"
"1022670","NULL","한강","2008-11-03","2008103100:00:00","2024072216:00:00"
"1022680","한탄강","한강","1996-06-01","1999030504:00:00","2024072216:00:00"
"1023640","임진강","한강","2011-12-14","2011121416:00:00","2024072216:00:00"
"1023660","임진강","한강","2000-02-29","1999030504:00:00","2024072216:00:00"
"1023662","사미천","한강","2010-11-11","2010122112:00:00","2024072216:00:00"
"1023670","임진강","한강","1997-12-01","1999030504:00:00","2024072216:00:00"
"1023674","문산천","한강","2023-01-27","2023012716:00:00","2024072216:00:00"
"1023680","문산천","한강","2012-10-15","2012092118:00:00","2024072216:00:00"
"1101605","황구지천","안성천","2013-12-31","2013122711:00:00","2024072216:00:00"
"1101610","안성천","안성천","1962-07-01","1964041904:00:00","2024072216:00:00"
"1101618","한천","안성천","2024-01-16","2024011611:00:00","2024072216:00:00"
"1101620","안성천","안성천","1996-09-01","1996090217:00:00","2024072216:00:00"
"1101628","입장천","안성천","2024-01-16","2024011614:00:00","2024072216:00:00"
"1101630","안성천","안성천","1929-01-01","1930070806:00:00","2024072216:00:00"
"1101635","안성천","안성천","1929-01-01","1930070804:00:00","2024072216:00:00"
"1101645","오산천","안성천","2009-10-27","2009102700:00:00","2024072216:00:00"
"1101650","황구지천","안성천","1932-06-01","1935072215:00:00","2024072216:00:00"
"1101663","진위천","안성천","2010-11-11","2010122112:00:00","2024072216:00:00"
"1101665","진위천","안성천","1962-01-01","1930070811:00:00","2024072216:00:00"
"1101670","진위천","안성천","1986-04-23","1986060101:00:00","2024072216:00:00"
"1101680","안성천","안성천","2007-07-18","2007051416:00:00","2024072216:00:00"
"1301630","양양남대천","한강동해","2014-12-29","2014122912:00:00","2024072216:00:00"
"1301658","양양남대천","한강동해","1986-09-01","2006010101:00:00","2024072216:00:00"
"1302648","강릉남대천","한강동해","1946-06-01","1982082601:00:00","2024072216:00:00"
"1302668","전천","한강동해","1947-03-01","2006010101:00:00","2024072216:00:00"
"1302670","연곡천","한강동해","2014-12-29","2014122912:00:00","2024072216:00:00"
"1303610","가곡천","한강동해","2014-12-29","2014122912:00:00","2024072216:00:00"
"1303650","삼척오십천","한강동해","2014-12-29","2014122912:00:00","2024072216:00:00"
"1303680","삼척오십천","한강동해","1986-09-01","2006010101:00:00","2024072216:00:00"
"2001610","황지천","낙동강","2010-01-01","2009102800:00:00","2024072216:00:00"
"2001615","낙동강","낙동강","2011-03-01","2013071615:00:00","2024072216:00:00"
"2001625","회룡천","낙동강","2016-01-01","2016010100:00:00","2024072216:00:00"
"2001628","낙동강","낙동강","2010-01-01","2009102800:00:00","2024072216:00:00"
"2001655","운곡천","낙동강","2010-01-01","2009102800:00:00","2024072216:00:00"
"2002634","반변천","낙동강","2014-01-01","2014010100:00:00","2024072216:00:00"
"2002685","길안천","낙동강","1988-01-01","1987060120:00:00","2024072216:00:00"
"2002695","길안천","낙동강","2014-01-01","2014010100:00:00","2024072216:00:00"
"2003640","미천","낙동강","2005-01-24","2005012412:00:00","2024072216:00:00"
"2003670","낙동강","낙동강","2005-01-24","2005012412:00:00","2024072216:00:00"
"2003690","낙동강","낙동강","1988-01-01","1987060120:00:00","2024072216:00:00"
"2004605","내성천","낙동강","2009-01-01","2008121600:00:00","2024072216:00:00"
"2004629","서천","낙동강","2023-01-09","2023010900:00:00","2024072216:00:00"
"2004635","서천","낙동강","2007-01-26","2007012622:00:00","2024072216:00:00"
"2004640","내성천","낙동강","2008-01-01","2008010100:00:00","2024072216:00:00"
"2004650","내성천","낙동강","2008-01-01","2008010100:00:00","2024072216:00:00"
"2004668","한천","낙동강","1962-07-01","1983060101:00:00","2024072216:00:00"
"2004680","내성천","낙동강","2007-01-26","2007012622:00:00","2024072216:00:00"
"2004695","금천","낙동강","1968-01-01","1981060101:00:00","2024072216:00:00"
"2005640","영강","낙동강","2012-01-01","2012010100:00:00","2024072216:00:00"
"2005643","조령천","낙동강","2023-01-09","2023010900:00:00","2024072216:00:00"
"2005650","영강","낙동강","1996-12-26","2002031907:00:00","2024072216:00:00"
"2005660","영강","낙동강","1965-12-01","1981060101:00:00","2024072216:00:00"
"2005680","이안천","낙동강","1968-01-01","1983060201:00:00","2024072216:00:00"
"2006625","병성천","낙동강","2003-04-01","2003040100:00:00","2024072216:00:00"
"2006630","병성천","낙동강","1968-01-01","1980060101:00:00","2024072216:00:00"
"2006665","북천","낙동강","1942-10-01","1983070212:00:00","2024072216:00:00"
"2006675","병성천","낙동강","2010-01-01","2009102800:00:00","2024072216:00:00"
"2007620","낙동강","낙동강","2007-01-26","2007012622:00:00","2024072216:00:00"
"2007640","낙동강","낙동강","1962-07-01","1917090406:00:00","2024072216:00:00"
"2007660","낙동강","낙동강","1988-01-01","1987060120:00:00","2024072216:00:00"
"2007680","낙동강","낙동강","2010-05-31","2010060311:00:00","2024072216:00:00"
"2007682","낙동강","낙동강","2011-07-01","2012061514:00:00","2024072216:00:00"
"2007686","낙동강","낙동강","2018-11-02","2018110217:00:00","2024072216:00:00"
"2008628","남대천","낙동강","2017-12-14","2018011515:00:00","2024072216:00:00"
"2008630","위천","낙동강","1982-07-06","1982070601:00:00","2024072216:00:00"
"2008631","쌍계천","낙동강","2012-01-01","2012031501:00:00","2024072216:00:00"
"2008633","위천","낙동강","2021-10-01","2020052716:00:00","2024072216:00:00"
"2008635","위천","낙동강","1982-07-09","1982090113:00:00","2024072216:00:00"
"2008645","남천","낙동강","1982-09-01","1982070101:00:00","2024072216:00:00"
"2008650","위천","낙동강","1982-07-08","1982070514:00:00","2024072216:00:00"
"2008665","위천","낙동강","2016-01-01","2016010100:00:00","2024072216:00:00"
"2008690","위천","낙동강","1965-12-01","1980070101:00:00","2024072216:00:00"
"2009618","낙동강","낙동강","2010-05-31","2010060311:00:00","2024072216:00:00"
"2009620","낙동강","낙동강","1924-01-01","1915090812:00:00","2024072216:00:00"
"2009670","낙동강","낙동강","1982-07-01","1983060101:00:00","2024072216:00:00"
"2009680","낙동강","낙동강","2010-05-31","2010060311:00:00","2024072216:00:00"
"2009682","낙동강","낙동강","2011-06-01","2012061514:00:00","2024072216:00:00"
"2010635","감천","낙동강","2012-01-01","2012010414:00:00","2024072216:00:00"
"2010650","감천","낙동강","1942-10-01","1954072322:00:00","2024072216:00:00"
"2011625","한천","낙동강","2016-01-01","2016010100:00:00","2024072216:00:00"
"2011640","낙동강","낙동강","1962-07-01","1987060120:00:00","2024072216:00:00"
"2011648","낙동강","낙동강","2010-05-31","2010060311:00:00","2024072216:00:00"
"2011649","낙동강","낙동강","2011-06-01","2012061514:00:00","2024072216:00:00"
"2011650","낙동강","낙동강","1924-04-01","1917070417:00:00","2024072216:00:00"
"2011660","낙동강","낙동강","1995-03-08","1987060120:00:00","2024072216:00:00"
"2011665","백천","낙동강","2009-01-01","2008121600:00:00","2024072216:00:00"
"2011696","낙동강","낙동강","2012-01-27","2012061514:00:00","2024072216:00:00"
"2012625","자호천","낙동강","1972-01-01","1988061615:00:00","2024072216:00:00"
"2012628","금호강","낙동강","2008-02-01","2008012900:00:00","2024072216:00:00"
"2012632","신령천","낙동강","2011-01-01","2011010100:00:00","2024072216:00:00"
"2012640","금호강","낙동강","1962-07-01","1965071709:00:00","2024072216:00:00"
"2012645","낙동강","낙동강","1962-07-01","2006010916:00:00","2024072216:00:00"
"2012648","오목천","낙동강","2009-01-01","2008121600:00:00","2024072216:00:00"
"2012650","금호강","낙동강","2002-04-11","2001010100:00:00","2024072216:00:00"
"2012652","남천","낙동강","2002-02-07","2001010100:00:00","2024072216:00:00"
"2012653","금호강","낙동강","2011-01-01","2011010100:00:00","2024072216:00:00"
"2012660","금호강","낙동강","1923-06-01","1923072320:00:00","2024072216:00:00"
"2012665","동화천","낙동강","2002-02-07","2001010100:00:00","2024072216:00:00"
"2012666","금호강","낙동강","2021-10-01","2021093010:00:00","2024072216:00:00"
"2012670","금호강","낙동강","2006-01-25","2006011216:00:00","2024072216:00:00"
"2012690","신천","낙동강","2002-04-11","2001010100:00:00","2024072216:00:00"
"2012695","금호강","낙동강","1962-07-01","1963061906:00:00","2024072216:00:00"
"2012696","낙동강","낙동강","2006-04-25","2006011216:00:00","2024072216:00:00"
"2013615","대가천","낙동강","1962-07-01","1963062005:00:00","2024072216:00:00"
"2013620","화죽천","낙동강","2009-01-01","2008121600:00:00","2024072216:00:00"
"2013629","대가천","낙동강","2023-01-09","2023010900:00:00","2024072216:00:00"
"2013630","가야천","낙동강","2015-01-01","2015010100:00:00","2024072216:00:00"
"2013640","안림천","낙동강","2012-01-01","2012010414:00:00","2024072216:00:00"
"2013650","회천","낙동강","1962-07-01","1963061911:00:00","2024072216:00:00"
"2013685","회천","낙동강","1968-01-01","1977040608:00:00","2024072216:00:00"
"2013690","회천","낙동강","2003-05-23","2003052300:00:00","2024072216:00:00"
"2014620","낙동강","낙동강","1995-04-01","1987060120:00:00","2024072216:00:00"
"2014640","낙동강","낙동강","1968-01-01","1977042507:00:00","2024072216:00:00"
"2014650","낙동강","낙동강","2010-05-31","2010060311:00:00","2024072216:00:00"
"2014651","낙동강","낙동강","2012-01-27","2012061514:00:00","2024072216:00:00"
"2014660","낙동강","낙동강","1917-06-01","1921071313:00:00","2024072216:00:00"
"2014680","낙동강","낙동강","2006-04-26","1965071101:00:00","2024072216:00:00"
"2014690","낙동강","낙동강","2006-01-25","2006011216:00:00","2024072216:00:00"
"2014697","낙동강","낙동강","2010-05-31","2010060311:00:00","2024072216:00:00"
"2014699","낙동강","낙동강","2012-01-27","2012061514:00:00","2024072216:00:00"
"2015630","황강","낙동강","2012-03-01","2013071615:00:00","2024072216:00:00"
"2016660","황강","낙동강","2022-03-02","2022021412:00:00","2024072216:00:00"
"2016680","황강","낙동강","1962-07-01","1965071206:00:00","2024072216:00:00"
"2017620","낙동강","낙동강","1980-06-01","1980072312:00:00","2024072216:00:00"
"2017630","신반천","낙동강","2012-01-01","2012010414:00:00","2024072216:00:00"
"2017670","낙동강","낙동강","1955-11-01","1920070916:00:00","2024072216:00:00"
"2017685","유곡천","낙동강","2008-02-01","2008012900:00:00","2024072216:00:00"
"2018609","남강","낙동강","1962-07-01","1964071601:00:00","2024072216:00:00"
"2018635","임천","낙동강","1994-11-01","1987060120:00:00","2024072215:00:00"
"2018640","남강","낙동강","2015-01-01","2007020113:00:00","2024072216:00:00"
"2018645","남강","낙동강","1976-03-13","1915090820:00:00","2024072215:00:00"
"2018662","신등천","낙동강","2017-12-09","2018011515:00:00","2024072216:00:00"
"2018674","남강","낙동강","2011-01-01","2011010100:00:00","2024072216:00:00"
"2019610","영천강","낙동강","2009-01-01","2008121600:00:00","2024072216:00:00"
"2019620","남강","낙동강","2015-01-01","2015010100:00:00","2024072216:00:00"
"2019625","영천강","낙동강","2017-01-01","2017010100:00:00","2024072216:00:00"
"2019635","남강","낙동강","2007-01-26","2007012622:00:00","2024072216:00:00"
"2019640","남강","낙동강","2010-01-01","2011010100:00:00","2024072216:00:00"
"2019647","남강","낙동강","2013-01-01","2013010100:00:00","2024072216:00:00"
"2019653","의령천","낙동강","2016-01-01","2016010100:00:00","2024072216:00:00"
"2019655","남강","낙동강","1922-08-01","1916062418:00:00","2024072216:00:00"
"2019680","함안천","낙동강","2006-01-25","2006011216:00:00","2024072216:00:00"
"2019685","함안천","낙동강","2016-12-29","2017010100:00:00","2024072216:00:00"
"2019695","남강","낙동강","1917-07-01","1917070501:00:00","2024072216:00:00"
"2020603","청도천","낙동강","2008-02-01","2008012900:00:00","2024072216:00:00"
"2020605","계성천","낙동강","2008-02-01","2008012900:00:00","2024072216:00:00"
"2020615","낙동강","낙동강","1921-08-01","1921080101:00:00","2024072216:00:00"
"2020640","광려천","낙동강","2007-01-26","2007012622:00:00","2024072216:00:00"
"2020646","낙동강","낙동강","2012-01-27","2012061514:00:00","2024072216:00:00"
"2020647","낙동강","낙동강","2010-05-31","2010060311:00:00","2024072216:00:00"
"2020650","낙동강","낙동강","1955-10-01","1924072402:00:00","2024072216:00:00"
"2020651","청도천","낙동강","2012-01-01","2012010414:00:00","2024072216:00:00"
"2020675","광려천","낙동강","1924-02-01","1917070510:00:00","2024072216:00:00"
"2020680","화포천","낙동강","2007-01-26","2007012622:00:00","2024072216:00:00"
"2021610","동창천","낙동강","2016-12-29","2017010100:00:00","2024072216:00:00"
"2021630","동창천","낙동강","2013-11-30","20:00:00","2024072215:00:00"
"2021640","청도천","낙동강","1962-07-01","1963062002:00:00","2024072216:00:00"
"2021665","밀양강","낙동강","2011-01-01","2011010100:00:00","2024072216:00:00"
"2021670","단장천","낙동강","2014-01-01","2014010100:00:00","2024072216:00:00"
"2021675","밀양강","낙동강","1917-02-01","1918071113:00:00","2024072216:00:00"
"2021677","밀양강","낙동강","2007-01-26","2007012622:00:00","2024072216:00:00"
"2021685","밀양강","낙동강","1988-01-01","1987060120:00:00","2024072216:00:00"
"2021690","밀양강","낙동강","2006-01-25","2006011216:00:00","2024072216:00:00"
"2022610","낙동강","낙동강","1955-08-01","1916062319:00:00","2024072216:00:00"
"2022640","낙동강","낙동강","1935-01-01","1935072314:00:00","2024072216:00:00"
"2022655","양산천","낙동강","2006-01-25","2006011216:00:00","2024072216:00:00"
"2022660","양산천","낙동강","1962-07-01","1980080308:00:00","2024072216:00:00"
"2022662","유산천","낙동강","2024-01-09","2024020212:00:00","2024072216:00:00"
"2022670","양산천","낙동강","2006-01-27","2006011216:00:00","2024072216:00:00"
"2022678","서낙동강","낙동강","2024-02-13","2024010101:00:00","2024072216:00:00"
"2022680","낙동강","낙동강","1927-06-01","1918070211:00:00","2024072216:00:00"
"2022685","조만강","낙동강","2008-02-01","2008012900:00:00","2024072216:00:00"
"2022688","평강천","낙동강","2023-10-18","2023091515:00:00","2024072216:00:00"
"2022690","서낙동강","낙동강","2022-04-20","2022021412:00:00","2024072216:00:00"
"2101610","형산강","형산강","2016-01-01","2016010100:00:00","2024072216:00:00"
"2101620","대천","형산강","2016-01-01","2016010100:00:00","2024072216:00:00"
"2101624","남천","형산강","2024-01-09","2024020212:00:00","2024072216:00:00"
"2101625","형산강","형산강","1962-07-01","1998033009:00:00","2024072216:00:00"
"2101650","형산강","형산강","1962-07-01","1985062320:00:00","2024072216:00:00"
"2101668","기계천","형산강","1998-06-01","1998033009:00:00","2024072216:00:00"
"2101675","형산강","형산강","1962-07-01","1965071207:00:00","2024072216:00:00"
"2101690","형산강","형산강","1928-01-01","1928072105:00:00","2024072216:00:00"
"2201611","태화강","태화강","2016-01-01","2016010100:00:00","2024072216:00:00"
"2201630","태화강","태화강","1962-07-01","1972070316:00:00","2024072216:00:00"
"2201640","태화강","태화강","2017-11-09","2018011515:00:00","2024072216:00:00"
"2201660","태화강","태화강","1962-07-01","1965070808:00:00","2024072216:00:00"
"2201670","태화강","태화강","1962-02-01","1969070404:00:00","2024072216:00:00"
"2201685","동천","태화강","2017-11-10","2018011515:00:00","2024072216:00:00"
"2201690","동천","태화강","1962-07-01","1965072120:00:00","2024072216:00:00"
"2301630","회야강","회야ㆍ수영","1962-07-01","2006010916:00:00","2024072216:00:00"
"2301650","회야강","회야ㆍ수영","1962-07-01","2006010916:00:00","2024072216:00:00"
"2301670","회야강","회야ㆍ수영","2016-01-01","2016010100:00:00","2024072216:00:00"
"2302640","수영강","회야ㆍ수영","2022-03-02","2022021115:00:00","2024072216:00:00"
"2302650","NULL","회야ㆍ수영","2017-01-01","2017010100:00:00","2024072216:00:00"
"2302655","온천천","회야ㆍ수영","2022-03-02","2022021115:00:00","2024072216:00:00"
"2401613","남대천","낙동강동해","2022-07-27","2022072816:00:00","2024072216:00:00"
"2401616","남대천","낙동강동해","2022-03-02","2022021811:00:00","2024072216:00:00"
"2401633","장수포천","낙동강동해","2024-01-09","2024020212:00:00","2024072216:00:00"
"2401650","왕피천","낙동강동해","2017-01-01","2017010100:00:00","2024072216:00:00"
"2401690","송천","낙동강동해","2016-01-01","2016010100:00:00","2024072216:00:00"
"2402630","영덕오십천","낙동강동해","2016-01-01","2016010100:00:00","2024072216:00:00"
"2402680","곡강천","낙동강동해","2024-01-09","2024020212:00:00","2024072216:00:00"
"2403620","냉천","낙동강동해","2023-03-05","2023042710:00:00","2024072216:00:00"
"3001605","금강","금강","2008-01-01","2008010100:00:00","2024072216:00:00"
"3001610","장계천","금강","2008-01-01","2008010100:00:00","2024072216:00:00"
"3002650","금강","금강","1962-07-01","1963072605:00:00","2024072216:00:00"
"3002655","금강","금강","2012-01-01","2011082511:00:00","2024072216:00:00"
"3003617","원당천","금강","2021-12-28","2021122818:00:00","2024072216:00:00"
"3003620","무주남대천","금강","2007-01-01","2006010100:00:00","2024072216:00:00"
"3003660","무주남대천","금강","2007-01-01","2006010100:00:00","2024072216:00:00"
"3003675","상곡천","금강","2021-12-28","2021122818:00:00","2024072216:00:00"
"3003680","무주남대천","금강","1973-01-01","1981060101:00:00","2024072216:00:00"
"3003692","적상천","금강","2021-12-28","2021122818:00:00","2024072216:00:00"
"3003694","NULL","금강","2024-02-01","2024040117:00:00","2024072216:00:00"
"3004637","봉황천","금강","2019-09-06","2019100118:00:00","2024072216:00:00"
"3004640","금강","금강","1995-03-01","2005022313:00:00","2024072216:00:00"
"3004645","봉황천","금강","2011-01-01","2010080211:00:00","2024072216:00:00"
"3004680","영동천","금강","2013-01-01","2013010100:00:00","2024010100:00:00"
"3004685","영동천","금강","2006-01-01","2005042910:00:00","2024072216:00:00"
"3004690","금강","금강","1962-07-01","1963053012:00:00","2024072216:00:00"
"3005670","초강","금강","2008-01-01","2008010100:00:00","2024072216:00:00"
"3005675","석천","금강","2008-01-01","2008010100:00:00","2024072216:00:00"
"3005690","초강","금강","1973-01-01","1976082716:00:00","2024072216:00:00"
"3006680","금강","금강","1979-09-15","1984070301:00:00","2024072216:00:00"
"3006690","금강","금강","2021-12-28","2022010501:00:00","2024072216:00:00"
"3007610","보청천","금강","1982-08-01","1982091413:00:00","2024072216:00:00"
"3007620","보청천","금강","1982-08-01","1982070709:00:00","2024072216:00:00"
"3007640","삼가천","금강","1982-08-01","1985060108:00:00","2024072216:00:00"
"3007645","보청천","금강","2008-01-01","2008010100:00:00","2024072216:00:00"
"3007650","보청천","금강","1982-08-01","1984060107:00:00","2024072216:00:00"
"3007660","보청천","금강","1982-08-01","1985060105:00:00","2024072216:00:00"
"3008605","추풍천","금강","2021-12-28","2021122818:00:00","2024072216:00:00"
"3008630","소옥천","금강","2008-01-01","2008010100:00:00","2024072216:00:00"
"3008670","봉황천","금강","2007-01-01","2006010100:00:00","2024072216:00:00"
"3008695","금강","금강","2007-01-01","2006010100:00:00","2024072216:00:00"
"3009608","NULL","금강","2024-02-01","2024040117:00:00","2024072216:00:00"
"3009617","NULL","금강","2023-04-11","2023041314:00:00","2024072216:00:00"
"3009620","유등천","금강","2001-05-01","2001041318:00:00","2024072216:00:00"
"3009630","유등천","금강","2001-05-01","2001041318:00:00","2024072216:00:00"
"3009640","NULL","금강","2001-05-01","2001041318:00:00","2024072216:00:00"
"3009645","대동천","금강","2009-01-01","2008111917:00:00","2024072216:00:00"
"3009650","갑천","금강","2001-05-01","2001041318:00:00","2024072216:00:00"
"3009655","두계천","금강","2001-05-01","2001041318:00:00","2024072216:00:00"
"3009665","갑천","금강","2001-05-01","2001041318:00:00","2024072216:00:00"
"3009670","갑천","금강","1985-03-01","2001041318:00:00","2024072216:00:00"
"3009673","유등천","금강","2012-01-01","2011082511:00:00","2024072216:00:00"
"3009675","갑천","금강","2007-01-01","2007010100:00:00","2024072216:00:00"
"3009680","갑천","금강","1917-06-01","2001071422:00:00","2024072216:00:00"
"3009693","갑천","금강","2013-01-01","2013010100:00:00","2024072216:00:00"
"3009698","갑천","금강","2009-01-01","2008111917:00:00","2024072216:00:00"
"3010620","금강","금강","1958-01-01","1960062909:00:00","2024072216:00:00"
"3010660","금강","금강","1917-01-01","1925080816:00:00","2024072216:00:00"
"3011613","NULL","금강","2024-02-01","2024040117:00:00","2024072216:00:00"
"3011615","백곡천","금강","2006-01-01","2005042910:00:00","2024072216:00:00"
"3011617","초평천","금강","2013-01-01","2013010100:00:00","2024072216:00:00"
"3011620","미호천","금강","2008-01-01","2008010100:00:00","2024072216:00:00"
"3011623","한천","금강","2008-01-01","2008010100:00:00","2024072216:00:00"
"3011624","미호천","금강","2008-01-01","2008010100:00:00","2024072216:00:00"
"3011625","보강천","금강","2001-12-01","2001102801:00:00","2024072216:00:00"
"3011628","NULL","금강","2024-02-01","2024040117:00:00","2024072216:00:00"
"3011630","미호천","금강","2001-12-01","2001102801:00:00","2024072216:00:00"
"3011631","NULL","금강","2024-02-01","2024040117:00:00","2024072216:00:00"
"3011633","NULL","금강","2023-04-11","2023041314:00:00","2024072216:00:00"
"3011635","미호천","금강","1993-06-01","1993030100:00:00","2024072216:00:00"
"3011641","무심천","금강","2019-01-01","2019010216:00:00","2024072216:00:00"
"3011643","무심천","금강","2012-01-01","2011082511:00:00","2024072216:00:00"
"3011645","NULL","금강","1917-06-01","1981081401:00:00","2024072216:00:00"
"3011647","NULL","금강","2023-04-11","2023041314:00:00","2024072216:00:00"
"3011650","병천천","금강","2010-01-01","2009121712:00:00","2024072216:00:00"
"3011652","NULL","금강","2024-02-01","2024040117:00:00","2024072216:00:00"
"3011653","NULL","금강","2023-04-11","2023041314:00:00","2024072216:00:00"
"3011660","병천천","금강","1993-06-01","1993030100:00:00","2024072216:00:00"
"3011663","NULL","금강","2023-04-11","2023041314:00:00","2024072216:00:00"
"3011665","미호천","금강","1918-07-01","1925080813:00:00","2024072216:00:00"
"3011668","조천","금강","2024-02-01","2024040117:00:00","2024072216:00:00"
"3011675","조천","금강","2003-11-01","2003122610:00:00","2024072216:00:00"
"3011685","미호천","금강","2009-01-01","2008111916:00:00","2024072216:00:00"
"3011687","월하천","금강","2012-01-01","2011082512:00:00","2024072216:00:00"
"3011695","미호천","금강","1962-07-01","1964041901:00:00","2024072216:00:00"
"3012602","금강","금강","2012-04-16","2012041600:00:00","2024072216:00:00"
"3012603","NULL","금강","2024-02-01","2024040117:00:00","2024072216:00:00"
"3012605","금강","금강","1993-06-01","1993030100:00:00","2024072216:00:00"
"3012607","용수천","금강","2007-01-01","2006010100:00:00","2024072216:00:00"
"3012608","금강","금강","2012-06-07","2012071014:00:00","2024072216:00:00"
"3012609","대교천","금강","2007-01-01","2006010100:00:00","2024072216:00:00"
"3012612","금강","금강","1962-07-01","1925080813:00:00","2024072216:00:00"
"3012620","금강","금강","1915-04-01","1925080816:00:00","2024072216:00:00"
"3012625","정안천","금강","2008-01-01","2008010100:00:00","2024072216:00:00"
"3012633","금강","금강","2010-03-30","2010033010:00:00","2024072216:00:00"
"3012634","금강","금강","2012-06-07","2012071014:00:00","2024072216:00:00"
"3012635","유구천","금강","1993-06-01","1993030100:00:00","2024072216:00:00"
"3012637","NULL","금강","2024-02-01","2024040117:00:00","2024072216:00:00"
"3012650","금강","금강","1962-07-01","1925080817:00:00","2024072216:00:00"
"3012655","지천","금강","2011-01-01","2010080211:00:00","2024072216:00:00"
"3012662","금강","금강","2010-03-30","2010033011:00:00","2024072216:00:00"
"3012664","금강","금강","2012-06-07","2012071014:00:00","2024072216:00:00"
"3012665","지천","금강","1973-01-01","1981070219:00:00","2024072216:00:00"
"3012674","금천","금강","2013-01-01","2013010100:00:00","2024072216:00:00"
"3012675","금강","금강","1915-08-01","1925080819:00:00","2024072216:00:00"
"3012680","금천","금강","1993-06-01","1993030100:00:00","2024072216:00:00"
"3012681","석성천","금강","2013-01-01","2013010100:00:00","2024072216:00:00"
"3012685","금강","금강","1962-07-01","1925080818:00:00","2024072216:00:00"
"3012690","석성천","금강","1993-06-01","1993030100:00:00","2024072216:00:00"
"3013603","장선천","금강","2021-12-28","2021122818:00:00","2024072216:00:00"
"3013605","논산천","금강","2011-01-01","2010080212:00:00","2024072216:00:00"
"3013630","노성천","금강","2021-12-28","2021122818:00:00","2024072216:00:00"
"3013665","노성천","금강","2003-12-01","2003122610:00:00","2024072216:00:00"
"3013668","NULL","금강","2023-04-11","2023041314:00:00","2024072216:00:00"
"3013670","논산천","금강","1993-06-01","1926072210:00:00","2024072216:00:00"
"3013685","강경천","금강","2003-12-01","2003122610:00:00","2024072216:00:00"
"3014610","금강","금강","1915-04-01","1930063018:00:00","2024072216:00:00"
"3014650","금강","금강","1919-06-01","1931080304:00:00","2024072216:00:00"
"3014670","금강","금강","1955-11-01","1985060601:00:00","2024072216:00:00"
"3014680","길산천","금강","2006-01-01","2005042910:00:00","2024072216:00:00"
"3101604","무한천","삽교천","2010-01-01","2009121714:00:00","2024072216:00:00"
"3101613","신양천","삽교천","2010-01-01","2009121714:00:00","2024072216:00:00"
"3101625","무한천","삽교천","1929-01-01","1936081115:00:00","2024072216:00:00"
"3101627","NULL","삽교천","2024-02-01","2024040117:00:00","2024072216:00:00"
"3101630","무한천","삽교천","1962-07-01","1930071210:00:00","2024072216:00:00"
"3101635","삽교천","삽교천","1962-07-01","1971072603:00:00","2024072216:00:00"
"3101638","덕산천","삽교천","2010-01-01","2009121714:00:00","2024072216:00:00"
"3101639","NULL","삽교천","2024-02-01","2024040117:00:00","2024072216:00:00"
"3101640","삽교천","삽교천","1945-01-01","1935072108:00:00","2024072216:00:00"
"3101645","삽교천","삽교천","1962-07-01","1930071211:00:00","2024072216:00:00"
"3101650","삽교천","삽교천","2006-01-01","2005042910:00:00","2024072216:00:00"
"3101652","NULL","삽교천","2024-02-01","2024040117:00:00","2024072216:00:00"
"3101655","풍서천","삽교천","2004-12-01","2004102512:00:00","2024072216:00:00"
"3101660","곡교천","삽교천","2004-12-01","2004102512:00:00","2024072216:00:00"
"3101667","NULL","삽교천","2023-04-11","2023041314:00:00","2024072216:00:00"
"3101670","천안천","삽교천","2004-12-01","2004102512:00:00","2024072216:00:00"
"3101672","율지천","삽교천","2016-01-01","2015123010:00:00","2024072216:00:00"
"3101673","매곡천","삽교천","2007-01-01","2006010100:00:00","2024072216:00:00"
"3101675","곡교천","삽교천","2003-11-01","2003122613:00:00","2024072216:00:00"
"3101683","온양천","삽교천","2007-01-01","2006010100:00:00","2024072216:00:00"
"3101685","곡교천","삽교천","2007-01-01","2006010100:00:00","2024072216:00:00"
"3101690","곡교천","삽교천","1962-07-01","1930071205:00:00","2024072216:00:00"
"3101693","삽교천","삽교천","2007-01-01","2006010100:00:00","2024072216:00:00"
"3101696","남원천","삽교천","2021-12-28","2021122818:00:00","2024072216:00:00"
"3201690","역천","금강서해","2011-01-01","2010080317:00:00","2024072216:00:00"
"3203620","대천천","금강서해","2010-01-01","2009121714:00:00","2024072216:00:00"
"3203652","웅천천","금강서해","2010-01-01","2009121715:00:00","2024072216:00:00"
"3301625","만경강","만경ㆍ동진","2004-01-01","2003082000:00:00","2024072216:00:00"
"3301630","만경강","만경ㆍ동진","2000-01-01","2000010100:00:00","2024072216:00:00"
"3301635","소양천","만경ㆍ동진","2008-01-01","2008013106:00:00","2024072216:00:00"
"3301640","소양천","만경ㆍ동진","2000-01-01","2000010100:00:00","2024072216:00:00"
"3301645","만경강","만경ㆍ동진","2000-01-01","2000010100:00:00","2024072216:00:00"
"3301654","삼천","만경ㆍ동진","2018-12-16","2018122715:00:00","2024072216:00:00"
"3301655","삼천","만경ㆍ동진","2006-03-03","2006030311:00:00","2024072216:00:00"
"3301657","전주천","만경ㆍ동진","2016-12-29","2016123011:00:00","2024072216:00:00"
"3301662","전주천","만경ㆍ동진","2012-01-01","2011122610:00:00","2024072216:00:00"
"3301665","전주천","만경ㆍ동진","2000-01-01","2000010100:00:00","2024072216:00:00"
"3301670","만경강","만경ㆍ동진","1917-05-01","1920070808:00:00","2024072216:00:00"
"3301675","익산천","만경ㆍ동진","2004-10-04","2006030311:00:00","2024072216:00:00"
"3301685","만경강","만경ㆍ동진","2000-01-01","2000010100:00:00","2024072216:00:00"
"3302615","동진강","만경ㆍ동진","2007-01-01","2007013010:00:00","2024072216:00:00"
"3302620","동진강","만경ㆍ동진","2002-01-01","2002011700:00:00","2024072216:00:00"
"3302630","동진강","만경ㆍ동진","1929-01-01","1956062210:00:00","2024072216:00:00"
"3302643","정읍천","만경ㆍ동진","2007-01-01","2007011517:00:00","2024072216:00:00"
"3302645","정읍천","만경ㆍ동진","2007-01-01","2007013010:00:00","2024072216:00:00"
"3302653","정읍천","만경ㆍ동진","2008-01-01","2008013106:00:00","2024072216:00:00"
"3302654","한교천","만경ㆍ동진","2023-01-01","2022122914:00:00","2024072216:00:00"
"3302658","정읍천","만경ㆍ동진","2011-01-01","2011031014:00:00","2024072216:00:00"
"3302660","원평천","만경ㆍ동진","2011-01-01","2010120916:00:00","2024072216:00:00"
"3302665","동진강","만경ㆍ동진","2000-06-01","2000052200:00:00","2024072216:00:00"
"3302680","두월천","만경ㆍ동진","2015-01-01","2015010100:00:00","2024072216:00:00"
"4001610","섬진강","섬진강","2009-01-01","2008122910:00:00","2024072216:00:00"
"4002620","갈담천","섬진강","2023-01-01","2022122914:00:00","2024072216:00:00"
"4002640","섬진강","섬진강","1962-06-01","1963061918:00:00","2024072216:00:00"
"4002690","섬진강","섬진강","1970-10-01","1973080306:00:00","2024072216:00:00"
"4003650","오수천","섬진강","2012-01-01","2011122610:00:00","2024072216:00:00"
"4003690","오수천","섬진강","1970-01-01","1973080209:00:00","2024072216:00:00"
"4004615","섬진강","섬진강","1917-03-01","1919090320:00:00","2024072216:00:00"
"4004630","경천","섬진강","1986-12-26","1989010101:00:00","2024072216:00:00"
"4004640","경천","섬진강","2010-01-01","2009112909:00:00","2024072216:00:00"
"4004650","옥과천","섬진강","2009-01-01","2008122910:00:00","2024072216:00:00"
"4004660","섬진강","섬진강","1962-07-01","1963061917:00:00","2024072216:00:00"
"4004680","옥과천","섬진강","2023-01-01","2022122914:00:00","2024072216:00:00"
"4004690","섬진강","섬진강","1997-03-01","1997031300:00:00","2024072216:00:00"
"4005645","요천","섬진강","2010-01-01","2009112909:00:00","2024072216:00:00"
"4005660","요천","섬진강","1973-01-01","1973080305:00:00","2024072216:00:00"
"4005670","요천","섬진강","1990-03-12","1990070313:00:00","2024072216:00:00"
"4005690","요천","섬진강","2001-09-06","2001090500:00:00","2024072216:00:00"
"4006667","곡성천","섬진강","2023-01-01","2022122914:00:00","2024072216:00:00"
"4006680","섬진강","섬진강","1917-03-01","1919090116:00:00","2024072216:00:00"
"4007661","동복천","섬진강","2022-01-01","2021122900:00:00","2024072216:00:00"
"4008670","보성강","섬진강","1996-03-01","1997031300:00:00","2024072216:00:00"
"4009608","황전천","섬진강","2011-01-01","2010120916:00:00","2024072216:00:00"
"4009610","섬진강","섬진강","1961-08-01","1963061917:00:00","2024072216:00:00"
"4009618","섬진강","섬진강","2023-01-01","2022122914:00:00","2024072216:00:00"
"4009622","서시천","섬진강","2022-01-01","2021122900:00:00","2024072216:00:00"
"4009630","섬진강","섬진강","1917-03-01","1919090112:00:00","2024072216:00:00"
"4009638","화개천","섬진강","2020-01-09","2020010913:00:00","2024072216:00:00"
"4009640","섬진강","섬진강","2005-01-21","2002061810:00:00","2024072216:00:00"
"4009665","섬진강","섬진강","1919-02-01","1920070316:00:00","2024072216:00:00"
"4009670","횡천강","섬진강","2010-01-01","2009112909:00:00","2024072216:00:00"
"4104665","이사천","섬진강남해","1973-01-01","1979082507:00:00","2024072216:00:00"
"4104680","순천동천","섬진강남해","2009-01-01","2008122911:00:00","2024072216:00:00"
"4104685","이사천","섬진강남해","1953-08-01","1954072113:00:00","2024072216:00:00"
"4105630","광양서천","섬진강남해","2014-01-01","2014010718:00:00","2024072216:00:00"
"4105640","광양동천","섬진강남해","2017-12-12","2018010101:00:00","2024072216:00:00"
"5001615","영산강","영산강","2003-08-20","2003082000:00:00","2024072216:00:00"
"5001625","영산강","영산강","2003-08-20","2003082000:00:00","2024072216:00:00"
"5001627","증암천","영산강","2013-01-01","2012100500:00:00","2024072216:00:00"
"5001640","영산강","영산강","1992-04-01","1991071617:00:00","2024072216:00:00"
"5001645","영산강","영산강","2016-01-01","2016010100:00:00","2024072216:00:00"
"5001650","NULL","영산강","2000-06-01","2002011620:00:00","2024072216:00:00"
"5001655","풍영정천","영산강","2008-01-01","2008010100:00:00","2024072216:00:00"
"5001660","영산강","영산강","2006-01-01","2006012512:00:00","2024072216:00:00"
"5001670","광주천","영산강","2004-10-01","2004092316:00:00","2024072216:00:00"
"5001673","광주천","영산강","2012-01-01","2011122610:00:00","2024072216:00:00"
"5001680","영산강","영산강","1916-01-01","1917062915:00:00","2024072216:00:00"
"5002643","개천","영산강","2012-01-01","2011122610:00:00","2024072216:00:00"
"5002650","황룡강","영산강","1962-06-01","1963063006:00:00","2024072216:00:00"
"5002660","황룡강","영산강","2006-03-03","2006030311:00:00","2024072216:00:00"
"5002677","평림천","영산강","2009-01-01","2008120413:00:00","2024072216:00:00"
"5002690","황룡강","영산강","1915-01-01","1916061411:00:00","2024072216:00:00"
"5003605","지석천","영산강","2002-01-01","2001062200:00:00","2024072216:00:00"
"5003610","지석천","영산강","2002-01-01","2001062200:00:00","2024072216:00:00"
"5003615","화순천","영산강","2002-01-01","2001062200:00:00","2024072216:00:00"
"5003620","지석천","영산강","1962-07-01","1974052001:00:00","2024072216:00:00"
"5003650","대초천","영산강","2002-01-01","2001062200:00:00","2024072216:00:00"
"5003680","지석천","영산강","1918-04-01","1921071102:00:00","2024072216:00:00"
"5004620","영산강","영산강","1916-01-01","1921071714:00:00","2024072216:00:00"
"5004650","영산강","영산강","1915-09-01","1963061908:00:00","2024072216:00:00"
"5004655","만봉천","영산강","2014-01-01","2014010718:00:00","2024072216:00:00"
"5004670","영산강","영산강","1915-09-01","1917062918:00:00","2024072216:00:00"
"5004698","영산강","영산강","2012-05-24","2012052410:00:00","2024072216:00:00"
"5005650","고막원천","영산강","2004-12-10","2004121512:00:00","2024072216:00:00"
"5005680","고막원천","영산강","1992-04-01","1991070100:00:00","2024072216:00:00"
"5006610","영산강","영산강","1962-01-01","1923062115:00:00","2024072216:00:00"
"5006620","함평천","영산강","2004-01-01","2003122200:00:00","2024072216:00:00"
"5006630","함평천","영산강","1992-04-01","1991070100:00:00","2024072216:00:00"
"5006670","영산강","영산강","1992-04-01","1991070100:00:00","2024072216:00:00"
"5101650","탐진강","탐진강","2000-06-01","2000052200:00:00","2024072216:00:00"
"5101670","탐진강","탐진강","1973-01-01","1976060720:00:00","2024072216:00:00"
"5101675","금강천","탐진강","2000-06-01","2000052200:00:00","2024072216:00:00"
"5101690","탐진강","탐진강","2000-06-01","2000052200:00:00","2024072216:00:00"
"5301660","주진천","영산강서해","2014-01-01","2014010718:00:00","2024072216:00:00"
"5302660","불갑천","영산강서해","2022-01-01","2021122900:00:00","2024072216:00:00"
"6001650","금성천","제주도","2023-01-01","2022122914:00:00","2024072216:00:00"
"6002670","한천","제주도","2023-01-01","2022122914:00:00","2024072216:00:00"
"6003620","창고천","제주도","2023-01-01","2022122914:00:00","2024072216:00:00"
"6004670","천미천","제주도","2023-01-01","2022122914:00:00","2024072216:00:00"
